attribute,subgroup,n,n_events,prevalence,auroc,auroc_ci_low,auroc_ci_high,auprc,sensitivity,specificity,ppv,npv,not_estimable_final
sex,Overall,1821.0,472.0,0.2592,0.846,0.8253,0.8659,0.6943,0.6992,0.8288,0.5882,0.8873,False
sex,female,787.0,199.0,0.2529,0.8332,0.8005,0.864,0.6805,0.7236,0.8112,0.5647,0.8966,False
sex,male,1034.0,273.0,0.264,0.8561,0.8289,0.8805,0.7061,0.6813,0.8423,0.6078,0.8805,False
age_group,Overall,1821.0,472.0,0.2592,0.846,0.8253,0.8659,0.6943,0.6992,0.8288,0.5882,0.8873,False
age_group,18-44,257.0,65.0,0.2529,0.8787,0.8288,0.9215,0.7597,0.7385,0.8333,0.6,0.904,False
age_group,45-64,684.0,171.0,0.25,0.8602,0.826,0.8921,0.7205,0.6725,0.8791,0.6497,0.8895,False
age_group,65-79,677.0,172.0,0.2541,0.8293,0.7947,0.8602,0.6495,0.6919,0.798,0.5385,0.8838,False
age_group,80+,203.0,64.0,0.3153,0.8115,0.7412,0.8728,0.6855,0.75,0.7482,0.5783,0.8667,False
race_ethnicity,Overall,1821.0,472.0,0.2592,0.846,0.8253,0.8659,0.6943,0.6992,0.8288,0.5882,0.8873,False
race_ethnicity,asian,13.0,5.0,0.3846,0.8,,,0.6295,0.6,0.75,0.6,0.75,True
race_ethnicity,black,266.0,82.0,0.3083,0.8087,0.7504,0.86,0.6911,0.6829,0.8207,0.6292,0.8531,False
race_ethnicity,hispanic,57.0,10.0,0.1754,0.8149,,,0.6284,0.7,0.7872,0.4118,0.925,True
race_ethnicity,other,32.0,9.0,0.2812,0.8406,,,0.7687,0.6667,0.913,0.75,0.875,True
race_ethnicity,white,1453.0,366.0,0.2519,0.8549,0.8329,0.878,0.6972,0.7049,0.8307,0.5837,0.8932,False
