attribute,subgroup,threshold,net_benefit,net_benefit_ci_low,net_benefit_ci_high,standardized_net_benefit,treat_all_nb,treat_none_nb,zero_crossing,not_estimable_final
sex,Overall,0.02,0.24458,0.2227,0.26591,0.94362,0.24408,0.0,,False
sex,Overall,0.04,0.23103,0.20954,0.25211,0.89133,0.22833,0.0,,False
sex,Overall,0.06,0.21924,0.19756,0.2407,0.84583,0.21191,0.0,,False
sex,Overall,0.08,0.20803,0.18706,0.22979,0.8026,0.19478,0.0,,False
sex,Overall,0.1,0.19818,0.17725,0.21985,0.7646,0.17689,0.0,,False
sex,Overall,0.12,0.19125,0.17026,0.21347,0.73787,0.15818,0.0,,False
sex,Overall,0.14,0.18462,0.1635,0.20698,0.71226,0.1386,0.0,,False
sex,Overall,0.16,0.17602,0.15543,0.19767,0.67908,0.11809,0.0,,False
sex,Overall,0.18,0.1624,0.14191,0.18433,0.62655,0.09658,0.0,,False
sex,Overall,0.2,0.15582,0.13522,0.17751,0.60117,0.074,0.0,,False
sex,Overall,0.22,0.14897,0.12913,0.17007,0.57475,0.05025,0.0,,False
sex,Overall,0.24,0.14362,0.1237,0.16428,0.55408,0.02526,0.0,,False
sex,Overall,0.26,0.13625,0.11614,0.15723,0.52565,-0.00108,0.0,,False
sex,Overall,0.28,0.13085,0.11074,0.15166,0.50483,-0.02889,0.0,,False
sex,Overall,0.3,0.12685,0.10732,0.14772,0.48941,-0.05829,0.0,,False
sex,Overall,0.32,0.11878,0.09939,0.13945,0.45825,-0.08941,0.0,,False
sex,Overall,0.34,0.11008,0.09076,0.13062,0.42469,-0.12243,0.0,,False
sex,Overall,0.36,0.10461,0.08498,0.12469,0.4036,-0.1575,0.0,,False
sex,Overall,0.38,0.09789,0.07856,0.11828,0.37767,-0.19484,0.0,,False
sex,Overall,0.4,0.095,0.07614,0.11496,0.36653,-0.23467,0.0,,False
sex,female,0.02,0.2381,0.20714,0.26927,0.94165,0.23761,0.0,,False
sex,female,0.04,0.22416,0.19339,0.25541,0.88652,0.22173,0.0,,False
sex,female,0.06,0.21174,0.18027,0.24251,0.83738,0.20517,0.0,,False
sex,female,0.08,0.19883,0.16778,0.22988,0.78632,0.18789,0.0,,False
sex,female,0.1,0.18919,0.15727,0.22067,0.74819,0.16984,0.0,,False
sex,female,0.12,0.18164,0.15028,0.21388,0.71836,0.15098,0.0,,False
sex,female,0.14,0.17171,0.14003,0.2034,0.67909,0.13123,0.0,,False
sex,female,0.16,0.16065,0.12966,0.19176,0.63532,0.11055,0.0,,False
sex,female,0.18,0.14671,0.11671,0.17741,0.58022,0.08885,0.0,,False
sex,female,0.2,0.14009,0.11055,0.17027,0.55402,0.06607,0.0,,False
sex,female,0.22,0.13602,0.1065,0.16663,0.53795,0.04213,0.0,,False
sex,female,0.24,0.13215,0.10239,0.16352,0.52261,0.01692,0.0,,False
sex,female,0.26,0.12593,0.09629,0.15729,0.49803,-0.00965,0.0,,False
sex,female,0.28,0.12276,0.0929,0.15382,0.48548,-0.0377,0.0,,False
sex,female,0.3,0.12253,0.09312,0.15375,0.48457,-0.06734,0.0,,False
sex,female,0.32,0.11122,0.08274,0.14179,0.43985,-0.09874,0.0,,False
sex,female,0.34,0.10104,0.07273,0.13118,0.39957,-0.13203,0.0,,False
sex,female,0.36,0.0949,0.06615,0.12565,0.37531,-0.16741,0.0,,False
sex,female,0.38,0.09165,0.06247,0.12182,0.36246,-0.20507,0.0,,False
sex,female,0.4,0.08937,0.06014,0.11986,0.35343,-0.24524,0.0,,False
sex,male,0.02,0.24952,0.22186,0.27719,0.94505,0.249,0.0,,False
sex,male,0.04,0.23626,0.20837,0.26511,0.89484,0.23336,0.0,,False
sex,male,0.06,0.22495,0.19713,0.25296,0.852,0.21705,0.0,,False
sex,male,0.08,0.21504,0.18694,0.2433,0.81446,0.20003,0.0,,False
sex,male,0.1,0.20503,0.17666,0.23383,0.77656,0.18225,0.0,,False
sex,male,0.12,0.19857,0.17074,0.22693,0.75208,0.16366,0.0,,False
sex,male,0.14,0.19444,0.16688,0.2226,0.73643,0.14421,0.0,,False
sex,male,0.16,0.18771,0.16017,0.21558,0.71097,0.12384,0.0,,False
sex,male,0.18,0.17434,0.14709,0.20126,0.66032,0.10247,0.0,,False
sex,male,0.2,0.16779,0.14047,0.19463,0.63553,0.08003,0.0,,False
sex,male,0.22,0.15883,0.13138,0.18561,0.60158,0.05644,0.0,,False
sex,male,0.24,0.15235,0.12506,0.17933,0.57702,0.03161,0.0,,False
sex,male,0.26,0.1441,0.11692,0.1711,0.54579,0.00544,0.0,,False
sex,male,0.28,0.13701,0.10961,0.16447,0.51893,-0.02219,0.0,,False
sex,male,0.3,0.13015,0.10362,0.15695,0.49294,-0.0514,0.0,,False
sex,male,0.32,0.12453,0.09808,0.15133,0.47167,-0.08232,0.0,,False
sex,male,0.34,0.11696,0.09164,0.14313,0.443,-0.11512,0.0,,False
sex,male,0.36,0.112,0.0865,0.13709,0.42422,-0.14996,0.0,,False
sex,male,0.38,0.10264,0.07762,0.12772,0.38875,-0.18706,0.0,,False
sex,male,0.4,0.09929,0.07415,0.12412,0.37607,-0.22663,0.0,,False
age_group,Overall,0.02,0.24458,0.2239,0.26527,0.94362,0.24408,0.0,,False
age_group,Overall,0.04,0.23103,0.21048,0.25179,0.89133,0.22833,0.0,,False
age_group,Overall,0.06,0.21924,0.19814,0.24086,0.84583,0.21191,0.0,,False
age_group,Overall,0.08,0.20803,0.18704,0.22916,0.8026,0.19478,0.0,,False
age_group,Overall,0.1,0.19818,0.17762,0.21899,0.7646,0.17689,0.0,,False
age_group,Overall,0.12,0.19125,0.17026,0.212,0.73787,0.15818,0.0,,False
age_group,Overall,0.14,0.18462,0.16411,0.20553,0.71226,0.1386,0.0,,False
age_group,Overall,0.16,0.17602,0.15559,0.19751,0.67908,0.11809,0.0,,False
age_group,Overall,0.18,0.1624,0.14232,0.18427,0.62655,0.09658,0.0,,False
age_group,Overall,0.2,0.15582,0.13536,0.17697,0.60117,0.074,0.0,,False
age_group,Overall,0.22,0.14897,0.12857,0.16998,0.57475,0.05025,0.0,,False
age_group,Overall,0.24,0.14362,0.12335,0.16455,0.55408,0.02526,0.0,,False
age_group,Overall,0.26,0.13625,0.1166,0.15737,0.52565,-0.00108,0.0,,False
age_group,Overall,0.28,0.13085,0.11117,0.15077,0.50483,-0.02889,0.0,,False
age_group,Overall,0.3,0.12685,0.10755,0.14725,0.48941,-0.05829,0.0,,False
age_group,Overall,0.32,0.11878,0.09917,0.13855,0.45825,-0.08941,0.0,,False
age_group,Overall,0.34,0.11008,0.09076,0.12954,0.42469,-0.12243,0.0,,False
age_group,Overall,0.36,0.10461,0.08532,0.12442,0.4036,-0.1575,0.0,,False
age_group,Overall,0.38,0.09789,0.0789,0.11742,0.37767,-0.19484,0.0,,False
age_group,Overall,0.4,0.095,0.07615,0.11423,0.36653,-0.23467,0.0,,False
age_group,18-44,0.02,0.23855,0.18335,0.29389,0.94317,0.23767,0.0,,False
age_group,18-44,0.04,0.22568,0.16991,0.27935,0.89231,0.22179,0.0,,False
age_group,18-44,0.06,0.21508,0.16077,0.27014,0.85041,0.20523,0.0,,False
age_group,18-44,0.08,0.20927,0.15461,0.26527,0.82742,0.18795,0.0,,False
age_group,18-44,0.1,0.19974,0.1457,0.25638,0.78974,0.16991,0.0,,False
age_group,18-44,0.12,0.1988,0.14396,0.25541,0.78601,0.15104,0.0,,False
age_group,18-44,0.14,0.18722,0.13347,0.24415,0.74025,0.1313,0.0,,False
age_group,18-44,0.16,0.1814,0.1284,0.23865,0.71722,0.11062,0.0,,False
age_group,18-44,0.18,0.16532,0.11426,0.22199,0.65366,0.08892,0.0,,False
age_group,18-44,0.2,0.15564,0.10409,0.21012,0.61538,0.06615,0.0,,False
age_group,18-44,0.22,0.15245,0.09917,0.20742,0.60276,0.0422,0.0,,False
age_group,18-44,0.24,0.14458,0.09153,0.19967,0.57166,0.017,0.0,,False
age_group,18-44,0.26,0.14239,0.08865,0.19655,0.56299,-0.00957,0.0,,False
age_group,18-44,0.28,0.14008,0.08668,0.19564,0.55385,-0.03761,0.0,,False
age_group,18-44,0.3,0.13341,0.07893,0.18734,0.52747,-0.06726,0.0,,False
age_group,18-44,0.32,0.13367,0.08009,0.18769,0.52851,-0.09865,0.0,,False
age_group,18-44,0.34,0.13277,0.08018,0.18571,0.52494,-0.13194,0.0,,False
age_group,18-44,0.36,0.12646,0.07392,0.18191,0.5,-0.16732,0.0,,False
age_group,18-44,0.38,0.12025,0.06577,0.17472,0.47543,-0.20497,0.0,,False
age_group,18-44,0.4,0.12192,0.06744,0.1751,0.48205,-0.24514,0.0,,False
age_group,45-64,0.02,0.23556,0.20402,0.26838,0.94224,0.23469,0.0,,False
age_group,45-64,0.04,0.22113,0.18914,0.25347,0.8845,0.21875,0.0,,False
age_group,45-64,0.06,0.21087,0.17976,0.24336,0.84347,0.20213,0.0,,False
age_group,45-64,0.08,0.19667,0.16489,0.22839,0.78668,0.18478,0.0,,False
age_group,45-64,0.1,0.18843,0.1574,0.22109,0.75374,0.16667,0.0,,False
age_group,45-64,0.12,0.18308,0.15244,0.21545,0.73232,0.14773,0.0,,False
age_group,45-64,0.14,0.17806,0.14718,0.2104,0.71223,0.12791,0.0,,False
age_group,45-64,0.16,0.17161,0.14083,0.20412,0.68644,0.10714,0.0,,False
age_group,45-64,0.18,0.16264,0.13229,0.19467,0.65055,0.08537,0.0,,False
age_group,45-64,0.2,0.15936,0.12865,0.19116,0.63743,0.0625,0.0,,False
age_group,45-64,0.22,0.15467,0.12442,0.18661,0.61868,0.03846,0.0,,False
age_group,45-64,0.24,0.15235,0.12211,0.1849,0.60942,0.01316,0.0,,False
age_group,45-64,0.26,0.13865,0.10882,0.17039,0.55461,-0.01351,0.0,,False
age_group,45-64,0.28,0.13247,0.10234,0.16285,0.52989,-0.04167,0.0,,False
age_group,45-64,0.3,0.12928,0.0992,0.15936,0.51713,-0.07143,0.0,,False
age_group,45-64,0.32,0.12393,0.09434,0.15386,0.4957,-0.10294,0.0,,False
age_group,45-64,0.34,0.11204,0.08409,0.1415,0.44817,-0.13636,0.0,,False
age_group,45-64,0.36,0.10718,0.07839,0.13688,0.42873,-0.17188,0.0,,False
age_group,45-64,0.38,0.10003,0.07173,0.12923,0.40011,-0.20968,0.0,,False
age_group,45-64,0.4,0.096,0.0687,0.12427,0.38402,-0.25,0.0,,False
age_group,65-79,0.02,0.23899,0.20728,0.27366,0.94067,0.23884,0.0,,False
age_group,65-79,0.04,0.22612,0.19344,0.26164,0.89002,0.22298,0.0,,False
age_group,65-79,0.06,0.21317,0.18064,0.24854,0.83906,0.20645,0.0,,False
age_group,65-79,0.08,0.20429,0.17082,0.23955,0.8041,0.1892,0.0,,False
age_group,65-79,0.1,0.19613,0.16264,0.23094,0.77196,0.17118,0.0,,False
age_group,65-79,0.12,0.18484,0.1512,0.21989,0.72754,0.15234,0.0,,False
age_group,65-79,0.14,0.17945,0.14589,0.2147,0.70633,0.13263,0.0,,False
age_group,65-79,0.16,0.16846,0.13449,0.20448,0.66307,0.11198,0.0,,False
age_group,65-79,0.18,0.15023,0.11745,0.18586,0.59132,0.09032,0.0,,False
age_group,65-79,0.2,0.14291,0.11077,0.17836,0.5625,0.06758,0.0,,False
age_group,65-79,0.22,0.13415,0.10048,0.16889,0.52803,0.04367,0.0,,False
age_group,65-79,0.24,0.12361,0.09018,0.15689,0.48654,0.0185,0.0,,False
age_group,65-79,0.26,0.12028,0.08747,0.15347,0.47344,-0.00802,0.0,,False
age_group,65-79,0.28,0.11497,0.08239,0.14846,0.45252,-0.03602,0.0,,False
age_group,65-79,0.3,0.1112,0.07808,0.14476,0.43771,-0.06563,0.0,,False
age_group,65-79,0.32,0.09497,0.06238,0.12773,0.3738,-0.09697,0.0,,False
age_group,65-79,0.34,0.08585,0.05178,0.12005,0.33791,-0.13021,0.0,,False
age_group,65-79,0.36,0.08484,0.05114,0.11817,0.33394,-0.16553,0.0,,False
age_group,65-79,0.38,0.07924,0.04579,0.11174,0.31189,-0.20313,0.0,,False
age_group,65-79,0.4,0.07533,0.04136,0.10734,0.29651,-0.24323,0.0,,False
age_group,80+,0.02,0.3013,0.24098,0.36664,0.95568,0.3013,0.0,,False
age_group,80+,0.04,0.28756,0.22537,0.35427,0.91211,0.28674,0.0,,False
age_group,80+,0.06,0.27293,0.20812,0.34138,0.86569,0.27156,0.0,,False
age_group,80+,0.08,0.25723,0.19212,0.32472,0.8159,0.25573,0.0,,False
age_group,80+,0.1,0.23591,0.17185,0.30542,0.74826,0.23919,0.0,,False
age_group,80+,0.12,0.23063,0.16659,0.29894,0.73153,0.2219,0.0,,False
age_group,80+,0.14,0.22064,0.1542,0.29098,0.69985,0.2038,0.0,,False
age_group,80+,0.16,0.20924,0.14191,0.27822,0.66369,0.18485,0.0,,False
age_group,80+,0.18,0.19849,0.13167,0.26686,0.62957,0.16496,0.0,,False
age_group,80+,0.2,0.18719,0.11823,0.25493,0.59375,0.14409,0.0,,False
age_group,80+,0.22,0.17481,0.10597,0.24429,0.55449,0.12214,0.0,,False
age_group,80+,0.24,0.17967,0.11069,0.24735,0.5699,0.09904,0.0,,False
age_group,80+,0.26,0.17361,0.10384,0.24311,0.55068,0.07469,0.0,,False
age_group,80+,0.28,0.16667,0.09824,0.23454,0.52865,0.04899,0.0,,False
age_group,80+,0.3,0.16256,0.095,0.23012,0.51562,0.02182,0.0,,False
age_group,80+,0.32,0.16198,0.09591,0.2295,0.51379,-0.00695,0.0,,False
age_group,80+,0.34,0.15555,0.08851,0.22257,0.49337,-0.03747,0.0,,False
age_group,80+,0.36,0.13424,0.06897,0.20228,0.42578,-0.06989,0.0,,False
age_group,80+,0.38,0.12458,0.06212,0.19198,0.39516,-0.1044,0.0,,False
age_group,80+,0.4,0.12315,0.06071,0.19048,0.39062,-0.14122,0.0,,False
race_ethnicity,Overall,0.02,0.24458,0.22331,0.26478,0.94362,0.24408,0.0,,False
race_ethnicity,Overall,0.04,0.23103,0.20902,0.25124,0.89133,0.22833,0.0,,False
race_ethnicity,Overall,0.06,0.21924,0.19732,0.23957,0.84583,0.21191,0.0,,False
race_ethnicity,Overall,0.08,0.20803,0.18639,0.22817,0.8026,0.19478,0.0,,False
race_ethnicity,Overall,0.1,0.19818,0.17658,0.21844,0.7646,0.17689,0.0,,False
race_ethnicity,Overall,0.12,0.19125,0.16916,0.21195,0.73787,0.15818,0.0,,False
race_ethnicity,Overall,0.14,0.18462,0.1626,0.20518,0.71226,0.1386,0.0,,False
race_ethnicity,Overall,0.16,0.17602,0.15394,0.19644,0.67908,0.11809,0.0,,False
race_ethnicity,Overall,0.18,0.1624,0.14081,0.18236,0.62655,0.09658,0.0,,False
race_ethnicity,Overall,0.2,0.15582,0.13426,0.17614,0.60117,0.074,0.0,,False
race_ethnicity,Overall,0.22,0.14897,0.12734,0.16905,0.57475,0.05025,0.0,,False
race_ethnicity,Overall,0.24,0.14362,0.12139,0.16376,0.55408,0.02526,0.0,,False
race_ethnicity,Overall,0.26,0.13625,0.11503,0.15652,0.52565,-0.00108,0.0,,False
race_ethnicity,Overall,0.28,0.13085,0.10983,0.15096,0.50483,-0.02889,0.0,,False
race_ethnicity,Overall,0.3,0.12685,0.10622,0.14725,0.48941,-0.05829,0.0,,False
race_ethnicity,Overall,0.32,0.11878,0.0982,0.13885,0.45825,-0.08941,0.0,,False
race_ethnicity,Overall,0.34,0.11008,0.08886,0.12969,0.42469,-0.12243,0.0,,False
race_ethnicity,Overall,0.36,0.10461,0.08364,0.1239,0.4036,-0.1575,0.0,,False
race_ethnicity,Overall,0.38,0.09789,0.07798,0.11697,0.37767,-0.19484,0.0,,False
race_ethnicity,Overall,0.4,0.095,0.0756,0.11368,0.36653,-0.23467,0.0,,False
race_ethnicity,asian,0.02,0.37206,,,0.96735,0.37206,0.0,,True
race_ethnicity,asian,0.04,0.36218,,,0.94167,0.35897,0.0,,True
race_ethnicity,asian,0.06,0.36007,,,0.93617,0.34534,0.0,,True
race_ethnicity,asian,0.08,0.35117,,,0.91304,0.3311,0.0,,True
race_ethnicity,asian,0.1,0.35897,,,0.93333,0.31624,0.0,,True
race_ethnicity,asian,0.12,0.36364,,,0.94545,0.3007,0.0,,True
race_ethnicity,asian,0.14,0.35957,,,0.93488,0.28444,0.0,,True
race_ethnicity,asian,0.16,0.35531,,,0.92381,0.2674,0.0,,True
race_ethnicity,asian,0.18,0.35084,,,0.9122,0.24953,0.0,,True
race_ethnicity,asian,0.2,0.34615,,,0.9,0.23077,0.0,,True
race_ethnicity,asian,0.22,0.34122,,,0.88718,0.21105,0.0,,True
race_ethnicity,asian,0.24,0.33603,,,0.87368,0.19028,0.0,,True
race_ethnicity,asian,0.26,0.25364,,,0.65946,0.1684,0.0,,True
race_ethnicity,asian,0.28,0.17094,,,0.44444,0.1453,0.0,,True
race_ethnicity,asian,0.3,0.16484,,,0.42857,0.12088,0.0,,True
race_ethnicity,asian,0.32,0.15837,,,0.41176,0.09502,0.0,,True
race_ethnicity,asian,0.34,0.15152,,,0.39394,0.0676,0.0,,True
race_ethnicity,asian,0.36,0.14423,,,0.375,0.03846,0.0,,True
race_ethnicity,asian,0.38,0.05955,,,0.15484,0.00744,0.0,,True
race_ethnicity,asian,0.4,0.05128,,,0.13333,-0.02564,0.0,,True
race_ethnicity,black,0.02,0.29492,0.23776,0.35223,0.95669,0.29415,0.0,,False
race_ethnicity,black,0.04,0.28102,0.22399,0.33882,0.91159,0.27945,0.0,,False
race_ethnicity,black,0.06,0.26676,0.21108,0.32435,0.86533,0.26412,0.0,,False
race_ethnicity,black,0.08,0.25008,0.19418,0.3068,0.81124,0.24812,0.0,,False
race_ethnicity,black,0.1,0.23434,0.17878,0.29241,0.76016,0.23141,0.0,,False
race_ethnicity,black,0.12,0.22539,0.17121,0.28571,0.73115,0.21394,0.0,,False
race_ethnicity,black,0.14,0.21665,0.16226,0.27601,0.70278,0.19566,0.0,,False
race_ethnicity,black,0.16,0.19656,0.14248,0.25583,0.63763,0.17651,0.0,,False
race_ethnicity,black,0.18,0.17568,0.12277,0.23162,0.5699,0.15643,0.0,,False
race_ethnicity,black,0.2,0.16165,0.10808,0.21711,0.52439,0.13534,0.0,,False
race_ethnicity,black,0.22,0.15491,0.10072,0.21284,0.5025,0.11317,0.0,,False
race_ethnicity,black,0.24,0.15117,0.09556,0.20915,0.49037,0.08983,0.0,,False
race_ethnicity,black,0.26,0.15373,0.09825,0.21125,0.49868,0.06523,0.0,,False
race_ethnicity,black,0.28,0.15497,0.09815,0.21262,0.50271,0.03926,0.0,,False
race_ethnicity,black,0.3,0.15736,0.10097,0.21482,0.51045,0.01182,0.0,,False
race_ethnicity,black,0.32,0.14441,0.08889,0.20212,0.46844,-0.01725,0.0,,False
race_ethnicity,black,0.34,0.12987,0.07485,0.18649,0.42129,-0.04807,0.0,,False
race_ethnicity,black,0.36,0.12923,0.07471,0.18374,0.41921,-0.08083,0.0,,False
race_ethnicity,black,0.38,0.12746,0.07106,0.18179,0.41345,-0.11569,0.0,,False
race_ethnicity,black,0.4,0.11654,0.06391,0.16917,0.37805,-0.15288,0.0,,False
race_ethnicity,hispanic,0.02,0.15933,,,0.90816,0.15861,0.0,,True
race_ethnicity,hispanic,0.04,0.13085,,,0.74583,0.14108,0.0,,True
race_ethnicity,hispanic,0.06,0.12206,,,0.69574,0.12281,0.0,,True
race_ethnicity,hispanic,0.08,0.1167,,,0.66522,0.10374,0.0,,True
race_ethnicity,hispanic,0.1,0.11111,,,0.63333,0.08382,0.0,,True
race_ethnicity,hispanic,0.12,0.10526,,,0.6,0.063,0.0,,True
race_ethnicity,hispanic,0.14,0.10078,,,0.57442,0.04121,0.0,,True
race_ethnicity,hispanic,0.16,0.09774,,,0.55714,0.01838,0.0,,True
race_ethnicity,hispanic,0.18,0.07488,,,0.42683,-0.00556,0.0,,True
race_ethnicity,hispanic,0.2,0.07018,,,0.4,-0.0307,0.0,,True
race_ethnicity,hispanic,0.22,0.07602,,,0.43333,-0.05713,0.0,,True
race_ethnicity,hispanic,0.24,0.05078,,,0.28947,-0.08495,0.0,,True
race_ethnicity,hispanic,0.26,0.04884,,,0.27838,-0.11427,0.0,,True
race_ethnicity,hispanic,0.28,0.05458,,,0.31111,-0.14522,0.0,,True
race_ethnicity,hispanic,0.3,0.04762,,,0.27143,-0.17794,0.0,,True
race_ethnicity,hispanic,0.32,0.04025,,,0.22941,-0.21259,0.0,,True
race_ethnicity,hispanic,0.34,0.04147,,,0.23636,-0.24934,0.0,,True
race_ethnicity,hispanic,0.36,0.0636,,,0.3625,-0.28838,0.0,,True
race_ethnicity,hispanic,0.38,0.04075,,,0.23226,-0.32994,0.0,,True
race_ethnicity,hispanic,0.4,0.04678,,,0.26667,-0.37427,0.0,,True
race_ethnicity,other,0.02,0.26913,,,0.95692,0.26658,0.0,,True
race_ethnicity,other,0.04,0.26172,,,0.93056,0.2513,0.0,,True
race_ethnicity,other,0.06,0.22606,,,0.80378,0.23537,0.0,,True
race_ethnicity,other,0.08,0.19158,,,0.68116,0.21875,0.0,,True
race_ethnicity,other,0.1,0.18403,,,0.65432,0.20139,0.0,,True
race_ethnicity,other,0.12,0.1804,,,0.64141,0.18324,0.0,,True
race_ethnicity,other,0.14,0.17805,,,0.63307,0.16424,0.0,,True
race_ethnicity,other,0.16,0.17113,,,0.60847,0.14435,0.0,,True
race_ethnicity,other,0.18,0.17073,,,0.60705,0.12348,0.0,,True
race_ethnicity,other,0.2,0.1875,,,0.66667,0.10156,0.0,,True
race_ethnicity,other,0.22,0.16106,,,0.57265,0.07853,0.0,,True
race_ethnicity,other,0.24,0.15789,,,0.5614,0.05428,0.0,,True
race_ethnicity,other,0.26,0.15456,,,0.54955,0.02872,0.0,,True
race_ethnicity,other,0.28,0.16319,,,0.58025,0.00174,0.0,,True
race_ethnicity,other,0.3,0.16071,,,0.57143,-0.02679,0.0,,True
race_ethnicity,other,0.32,0.15809,,,0.56209,-0.05699,0.0,,True
race_ethnicity,other,0.34,0.1553,,,0.55219,-0.08902,0.0,,True
race_ethnicity,other,0.36,0.15234,,,0.54167,-0.12305,0.0,,True
race_ethnicity,other,0.38,0.14919,,,0.53047,-0.15927,0.0,,True
race_ethnicity,other,0.4,0.16667,,,0.59259,-0.19792,0.0,,True
race_ethnicity,white,0.02,0.23703,0.21387,0.25957,0.94101,0.23663,0.0,,False
race_ethnicity,white,0.04,0.22396,0.20022,0.24745,0.88912,0.22072,0.0,,False
race_ethnicity,white,0.06,0.21294,0.19014,0.23672,0.84537,0.20414,0.0,,False
race_ethnicity,white,0.08,0.203,0.18067,0.22712,0.80589,0.18684,0.0,,False
race_ethnicity,white,0.1,0.19385,0.17113,0.21733,0.76958,0.16877,0.0,,False
race_ethnicity,white,0.12,0.18707,0.16454,0.21052,0.74267,0.14988,0.0,,False
race_ethnicity,white,0.14,0.18062,0.15744,0.20385,0.71705,0.13011,0.0,,False
race_ethnicity,white,0.16,0.17383,0.15161,0.19724,0.69009,0.1094,0.0,,False
race_ethnicity,white,0.18,0.16153,0.13927,0.18441,0.64128,0.08767,0.0,,False
race_ethnicity,white,0.2,0.15571,0.13334,0.17843,0.61817,0.06487,0.0,,False
race_ethnicity,white,0.22,0.14876,0.12648,0.17144,0.59058,0.04089,0.0,,False
race_ethnicity,white,0.24,0.14384,0.12211,0.16572,0.57104,0.01565,0.0,,False
race_ethnicity,white,0.26,0.13502,0.1133,0.15759,0.53604,-0.01096,0.0,,False
race_ethnicity,white,0.28,0.12836,0.1069,0.15038,0.50956,-0.03904,0.0,,False
race_ethnicity,white,0.3,0.12329,0.10176,0.14512,0.48946,-0.06872,0.0,,False
race_ethnicity,white,0.32,0.11595,0.09493,0.13728,0.4603,-0.10016,0.0,,False
race_ethnicity,white,0.34,0.10778,0.08605,0.12872,0.42789,-0.1335,0.0,,False
race_ethnicity,white,0.36,0.10031,0.07923,0.12135,0.39822,-0.16892,0.0,,False
race_ethnicity,white,0.38,0.09393,0.07313,0.11463,0.37291,-0.20662,0.0,,False
race_ethnicity,white,0.4,0.09176,0.07043,0.11264,0.3643,-0.24685,0.0,,False
