attribute,subgroup,n,n_events,calibration_intercept,intercept_ci_low,intercept_ci_high,calibration_slope,slope_ci_low,slope_ci_high,brier,ece,ici,not_estimable_final
sex,Overall,1821.0,472.0,0.0824,-0.0478,0.2053,1.0336,0.931,1.1457,0.1293,0.0191,0.0137,False
sex,female,787.0,199.0,-0.0299,-0.2241,0.1569,1.0078,0.8718,1.1691,0.1309,0.0228,0.0095,False
sex,male,1034.0,273.0,0.1711,-0.0021,0.3382,1.0625,0.9249,1.2242,0.1281,0.0344,0.0265,False
age_group,Overall,1821.0,472.0,0.0824,-0.0478,0.2053,1.0336,0.931,1.1457,0.1293,0.0191,0.0137,False
age_group,18-44,257.0,65.0,-0.0252,-0.3804,0.295,1.1738,,,0.1124,0.0333,0.0192,True
age_group,45-64,684.0,171.0,0.2674,0.0562,0.4627,1.1133,0.9408,1.3345,0.1212,0.038,0.0311,False
age_group,65-79,677.0,172.0,-0.0491,-0.2697,0.1594,0.9625,0.8206,1.1295,0.1366,0.0357,0.0258,False
age_group,80+,203.0,64.0,0.0783,-0.2815,0.4005,0.978,,,0.1537,0.0387,0.0246,True
race_ethnicity,Overall,1821.0,472.0,0.0824,-0.0478,0.2053,1.0336,0.931,1.1457,0.1293,0.0191,0.0137,False
race_ethnicity,asian,13.0,5.0,0.6746,,,0.949,,,0.2006,0.3488,0.1884,True
race_ethnicity,black,266.0,82.0,0.3364,-0.0185,0.6543,0.8708,,,0.1573,0.0552,0.0432,True
race_ethnicity,hispanic,57.0,10.0,-0.4927,,,0.9476,,,0.106,0.0981,0.0571,True
race_ethnicity,other,32.0,9.0,0.431,,,0.9413,,,0.1257,0.1236,0.0694,True
race_ethnicity,white,1453.0,366.0,0.039,-0.1111,0.1812,1.0778,0.9698,1.2181,0.1245,0.0238,0.0141,False
