variable,kind,p_value,q_fdr,effect_size,effect_kind,magnitude,n
age,continuous,0.143,0.36126315789473684,0.06317918758605157,d,negligible,1821
num.co,continuous,0.094,0.3008,-0.07931649799644284,d,negligible,1821
meanbp,continuous,0.496,0.762,0.04910845601034679,d,negligible,1821
hrt,continuous,0.508,0.762,0.008651266649599528,d,negligible,1821
resp,continuous,0.505,0.762,0.03402666671829561,d,negligible,1821
temp,continuous,0.637,0.8004,0.01964642111381682,d,negligible,1821
crea,continuous,0.001,0.016,-0.10010624910973348,d,negligible,1807
sod,continuous,0.894,0.9365106382978724,-0.008899253043397741,d,negligible,1821
sps,continuous,0.197,0.4298181818181819,0.0395007106432172,d,negligible,1821
aps,continuous,0.246,0.5133913043478261,0.042011570009076335,d,negligible,1821
scoma,continuous,0.016,0.096,0.052295847909737375,d,negligible,1821
edu,continuous,0.053,0.23127272727272727,0.11535311530959348,d,negligible,1478
charges,continuous,0.108,0.324,0.100709596785646,d,negligible,1794
totcst,continuous,0.667,0.8004,0.012543269674360846,d,negligible,1639
totmcst,continuous,0.299,0.5740799999999999,0.06659388814453163,d,negligible,1118
avtisst,continuous,0.878,0.9365106382978724,-0.011602155467163608,d,negligible,1803
surv2m,continuous,0.546,0.7941818181818182,-0.031063905760985316,d,negligible,1821
surv6m,continuous,0.821,0.9231627906976744,0.0030003042139067947,d,negligible,1821
hday,continuous,0.999,0.999,0.09714992233904995,d,negligible,1821
prg2m,continuous,0.605,0.8004,0.019997289752057914,d,negligible,1501
prg6m,continuous,0.312,0.5760000000000001,0.04717958550590468,d,negligible,1502
dnrday,continuous,0.91,0.9365106382978724,0.010817392256048332,d,negligible,1817
wblc,continuous,0.738,0.864,-0.03121312397333768,d,negligible,1771
pafi,continuous,0.17,0.3885714285714286,0.07496744731339237,d,negligible,1376
alb,continuous,0.655,0.8004,0.02561403615458559,d,negligible,1133
bili,continuous,0.297,0.5740799999999999,0.008714585592886489,d,negligible,1290
ph,continuous,0.917,0.9365106382978724,-0.009321906878402394,d,negligible,1382
glucose,continuous,0.417,0.6902068965517242,0.022881598558657953,d,negligible,926
bun,continuous,0.827,0.9231627906976744,0.048487329285580576,d,negligible,959
urine,continuous,0.638,0.8004,-0.01507227166569119,d,negligible,864
adlsc,continuous,0.004,0.0384,0.1382690025122251,d,negligible,1821
y_proba,continuous,0.061,0.244,0.05967210561035813,d,negligible,1821
diabetes,binary,0.006,0.04114285714285714,0.13247078640942733,h,negligible,1821
dementia,binary,0.385,0.6668571428571428,0.04685128835202268,h,negligible,1821
death,binary,0.006,0.04114285714285714,-0.132580837477297,h,negligible,1821
hospdead,binary,0.628,0.8004,-0.025503428903607128,h,negligible,1821
y,binary,0.628,0.8004,-0.025503428903607128,h,negligible,1821
dzclass,categorical,0.003,0.036000000000000004,0.08660572406883005,v,negligible,1821
ca,categorical,0.138,0.36126315789473684,0.04661080184425961,v,negligible,1821
race_ethnicity,categorical,0.163,0.3885714285714286,0.05990448879105609,v,negligible,1821
dzgroup,categorical,0.001,0.016,0.1173076977569569,v,small,1821
income,categorical,0.001,0.016,0.1364102757337642,v,small,1235
race,categorical,0.079,0.2916923076923077,0.06505252294398461,v,negligible,1811
dnr,categorical,0.121,0.34164705882352936,0.05385519249239495,v,negligible,1817
adlp,categorical,0.037,0.17759999999999998,0.1317705229282767,v,small,726
adls,categorical,0.094,0.3008,0.10306970121912691,v,small,1259
sfdm2,categorical,0.034,0.17759999999999998,0.08331986121512984,v,negligible,1524
age_group,categorical,0.389,0.6668571428571428,0.04068247785433457,v,negligible,1821
