attribute,subgroup,n,n_events,hl_statistic,hl_df,hl_p_value,n_bins_used,bins_reduced,decile_slope,decile_intercept
sex,Overall,1821.0,472.0,6.9845,10.0,0.7269,10.0,False,1.0352,0.0019
sex,female,787.0,199.0,4.8894,10.0,0.8984,10.0,False,0.9998,-0.0039
sex,male,1034.0,273.0,11.6099,10.0,0.312,10.0,False,1.074,0.0039
age_group,Overall,1821.0,472.0,6.9845,10.0,0.7269,10.0,False,1.0352,0.0019
age_group,18-44,257.0,65.0,3.4559,10.0,0.9686,10.0,False,1.0605,-0.0184
age_group,45-64,684.0,171.0,9.8624,10.0,0.4526,10.0,False,1.1139,0.0076
age_group,65-79,677.0,172.0,9.4136,10.0,0.4934,10.0,False,0.9278,0.0122
age_group,80+,203.0,64.0,2.5806,10.0,0.9896,10.0,False,1.0306,0.0025
race_ethnicity,Overall,1821.0,472.0,6.9845,10.0,0.7269,10.0,False,1.0352,0.0019
race_ethnicity,asian,13.0,5.0,12.5908,10.0,0.2475,10.0,False,0.6499,0.2768
race_ethnicity,black,266.0,82.0,11.8039,10.0,0.2984,10.0,False,0.9532,0.0584
race_ethnicity,hispanic,57.0,10.0,7.1633,10.0,0.7099,10.0,False,0.8476,-0.0198
race_ethnicity,other,32.0,9.0,10.8507,10.0,0.3693,10.0,False,1.0609,0.0399
race_ethnicity,white,1453.0,366.0,7.2014,10.0,0.7063,10.0,False,1.0463,-0.0064
