attribute,subgroup,decile,n,observed,expected,observed_rate,expected_rate,difference
sex,Overall,1,183.0,4.0,4.5403,0.0219,0.0248,-0.5403
sex,Overall,2,182.0,6.0,7.7316,0.033,0.0425,-1.7316
sex,Overall,3,182.0,11.0,10.9412,0.0604,0.0601,0.0588
sex,Overall,4,182.0,17.0,15.4289,0.0934,0.0848,1.5711
sex,Overall,5,182.0,20.0,22.8061,0.1099,0.1253,-2.8061
sex,Overall,6,182.0,42.0,33.2566,0.2308,0.1827,8.7434
sex,Overall,7,182.0,50.0,47.4057,0.2747,0.2605,2.5943
sex,Overall,8,182.0,76.0,68.0872,0.4176,0.3741,7.9128
sex,Overall,9,182.0,94.0,96.6037,0.5165,0.5308,-2.6037
sex,Overall,10,182.0,152.0,145.8133,0.8352,0.8012,6.1867
sex,female,1,79.0,2.0,2.0213,0.0253,0.0256,-0.0213
sex,female,2,79.0,3.0,3.5288,0.038,0.0447,-0.5288
sex,female,3,79.0,7.0,5.1094,0.0886,0.0647,1.8906
sex,female,4,79.0,5.0,7.3111,0.0633,0.0925,-2.3111
sex,female,5,79.0,15.0,11.1073,0.1899,0.1406,3.8927
sex,female,6,79.0,15.0,15.5949,0.1899,0.1974,-0.5949
sex,female,7,79.0,18.0,21.9626,0.2278,0.278,-3.9626
sex,female,8,78.0,28.0,31.0877,0.359,0.3986,-3.0877
sex,female,9,78.0,43.0,42.6876,0.5513,0.5473,0.3124
sex,female,10,78.0,63.0,61.6934,0.8077,0.7909,1.3066
sex,male,1,104.0,2.0,2.529,0.0192,0.0243,-0.529
sex,male,2,104.0,5.0,4.2778,0.0481,0.0411,0.7222
sex,male,3,104.0,4.0,5.9584,0.0385,0.0573,-1.9584
sex,male,4,104.0,9.0,8.3661,0.0865,0.0804,0.6339
sex,male,5,103.0,8.0,12.0728,0.0777,0.1172,-4.0728
sex,male,6,103.0,24.0,17.6309,0.233,0.1712,6.3691
sex,male,7,103.0,33.0,25.7572,0.3204,0.2501,7.2428
sex,male,8,103.0,44.0,37.0739,0.4272,0.3599,6.9261
sex,male,9,103.0,56.0,53.3743,0.5437,0.5182,2.6257
sex,male,10,103.0,88.0,83.4702,0.8544,0.8104,4.5298
age_group,Overall,1,183.0,4.0,4.5403,0.0219,0.0248,-0.5403
age_group,Overall,2,182.0,6.0,7.7316,0.033,0.0425,-1.7316
age_group,Overall,3,182.0,11.0,10.9412,0.0604,0.0601,0.0588
age_group,Overall,4,182.0,17.0,15.4289,0.0934,0.0848,1.5711
age_group,Overall,5,182.0,20.0,22.8061,0.1099,0.1253,-2.8061
age_group,Overall,6,182.0,42.0,33.2566,0.2308,0.1827,8.7434
age_group,Overall,7,182.0,50.0,47.4057,0.2747,0.2605,2.5943
age_group,Overall,8,182.0,76.0,68.0872,0.4176,0.3741,7.9128
age_group,Overall,9,182.0,94.0,96.6037,0.5165,0.5308,-2.6037
age_group,Overall,10,182.0,152.0,145.8133,0.8352,0.8012,6.1867
age_group,18-44,1,26.0,0.0,0.5149,0.0,0.0198,-0.5149
age_group,18-44,2,26.0,1.0,0.9075,0.0385,0.0349,0.0925
age_group,18-44,3,26.0,1.0,1.3923,0.0385,0.0535,-0.3923
age_group,18-44,4,26.0,1.0,2.2588,0.0385,0.0869,-1.2588
age_group,18-44,5,26.0,3.0,3.3111,0.1154,0.1274,-0.3111
age_group,18-44,6,26.0,6.0,4.6981,0.2308,0.1807,1.3019
age_group,18-44,7,26.0,5.0,7.1485,0.1923,0.2749,-2.1485
age_group,18-44,8,25.0,12.0,10.3066,0.48,0.4123,1.6934
age_group,18-44,9,25.0,14.0,14.0554,0.56,0.5622,-0.0554
age_group,18-44,10,25.0,22.0,21.2026,0.88,0.8481,0.7974
age_group,45-64,1,69.0,1.0,1.4449,0.0145,0.0209,-0.4449
age_group,45-64,2,69.0,3.0,2.2552,0.0435,0.0327,0.7448
age_group,45-64,3,69.0,4.0,3.1866,0.058,0.0462,0.8134
age_group,45-64,4,69.0,7.0,4.5076,0.1014,0.0653,2.4924
age_group,45-64,5,68.0,5.0,6.4659,0.0735,0.0951,-1.4659
age_group,45-64,6,68.0,11.0,9.9914,0.1618,0.1469,1.0086
age_group,45-64,7,68.0,18.0,14.8176,0.2647,0.2179,3.1824
age_group,45-64,8,68.0,29.0,21.973,0.4265,0.3231,7.027
age_group,45-64,9,68.0,35.0,31.5482,0.5147,0.4639,3.4518
age_group,45-64,10,68.0,58.0,52.672,0.8529,0.7746,5.328
age_group,65-79,1,68.0,0.0,2.2952,0.0,0.0338,-2.2952
age_group,65-79,2,68.0,4.0,3.4783,0.0588,0.0512,0.5217
age_group,65-79,3,68.0,3.0,4.7571,0.0441,0.07,-1.7571
age_group,65-79,4,68.0,6.0,6.512,0.0882,0.0958,-0.512
age_group,65-79,5,68.0,13.0,9.4772,0.1912,0.1394,3.5228
age_group,65-79,6,68.0,18.0,13.3434,0.2647,0.1962,4.6566
age_group,65-79,7,68.0,20.0,18.8182,0.2941,0.2767,1.1818
age_group,65-79,8,67.0,24.0,26.3867,0.3582,0.3938,-2.3867
age_group,65-79,9,67.0,32.0,37.6742,0.4776,0.5623,-5.6742
age_group,65-79,10,67.0,52.0,53.6629,0.7761,0.8009,-1.6629
age_group,80+,1,21.0,1.0,1.0237,0.0476,0.0487,-0.0237
age_group,80+,2,21.0,2.0,1.4506,0.0952,0.0691,0.5494
age_group,80+,3,21.0,3.0,2.0646,0.1429,0.0983,0.9354
age_group,80+,4,20.0,4.0,2.9797,0.2,0.149,1.0203
age_group,80+,5,20.0,3.0,4.1529,0.15,0.2076,-1.1529
age_group,80+,6,20.0,4.0,5.398,0.2,0.2699,-1.398
age_group,80+,7,20.0,8.0,7.0789,0.4,0.3539,0.9211
age_group,80+,8,20.0,9.0,9.1303,0.45,0.4565,-0.1303
age_group,80+,9,20.0,13.0,11.8508,0.65,0.5925,1.1492
age_group,80+,10,20.0,17.0,16.4218,0.85,0.8211,0.5782
race_ethnicity,Overall,1,183.0,4.0,4.5403,0.0219,0.0248,-0.5403
race_ethnicity,Overall,2,182.0,6.0,7.7316,0.033,0.0425,-1.7316
race_ethnicity,Overall,3,182.0,11.0,10.9412,0.0604,0.0601,0.0588
race_ethnicity,Overall,4,182.0,17.0,15.4289,0.0934,0.0848,1.5711
race_ethnicity,Overall,5,182.0,20.0,22.8061,0.1099,0.1253,-2.8061
race_ethnicity,Overall,6,182.0,42.0,33.2566,0.2308,0.1827,8.7434
race_ethnicity,Overall,7,182.0,50.0,47.4057,0.2747,0.2605,2.5943
race_ethnicity,Overall,8,182.0,76.0,68.0872,0.4176,0.3741,7.9128
race_ethnicity,Overall,9,182.0,94.0,96.6037,0.5165,0.5308,-2.6037
race_ethnicity,Overall,10,182.0,152.0,145.8133,0.8352,0.8012,6.1867
race_ethnicity,asian,1,2.0,0.0,0.0667,0.0,0.0333,-0.0667
race_ethnicity,asian,2,2.0,0.0,0.1312,0.0,0.0656,-0.1312
race_ethnicity,asian,3,2.0,0.0,0.1953,0.0,0.0977,-0.1953
race_ethnicity,asian,4,1.0,1.0,0.2409,1.0,0.2409,0.7591
race_ethnicity,asian,5,1.0,1.0,0.2629,1.0,0.2629,0.7371
race_ethnicity,asian,6,1.0,1.0,0.361,1.0,0.361,0.639
race_ethnicity,asian,7,1.0,0.0,0.5318,0.0,0.5318,-0.5318
race_ethnicity,asian,8,1.0,1.0,0.5672,1.0,0.5672,0.4328
race_ethnicity,asian,9,1.0,1.0,0.6163,1.0,0.6163,0.3837
race_ethnicity,asian,10,1.0,0.0,0.6575,0.0,0.6575,-0.6575
race_ethnicity,black,1,27.0,1.0,0.6132,0.037,0.0227,0.3868
race_ethnicity,black,2,27.0,1.0,1.1856,0.037,0.0439,-0.1856
race_ethnicity,black,3,27.0,4.0,1.761,0.1481,0.0652,2.239
race_ethnicity,black,4,27.0,4.0,2.6743,0.1481,0.099,1.3257
race_ethnicity,black,5,27.0,8.0,3.8323,0.2963,0.1419,4.1677
race_ethnicity,black,6,27.0,8.0,5.5749,0.2963,0.2065,2.4251
race_ethnicity,black,7,26.0,7.0,7.6414,0.2692,0.2939,-0.6414
race_ethnicity,black,8,26.0,11.0,10.5628,0.4231,0.4063,0.4372
race_ethnicity,black,9,26.0,17.0,14.4664,0.6538,0.5564,2.5336
race_ethnicity,black,10,26.0,21.0,21.3419,0.8077,0.8208,-0.3419
race_ethnicity,hispanic,1,6.0,0.0,0.1267,0.0,0.0211,-0.1267
race_ethnicity,hispanic,2,6.0,1.0,0.2127,0.1667,0.0354,0.7873
race_ethnicity,hispanic,3,6.0,0.0,0.3341,0.0,0.0557,-0.3341
race_ethnicity,hispanic,4,6.0,0.0,0.4982,0.0,0.083,-0.4982
race_ethnicity,hispanic,5,6.0,0.0,0.7824,0.0,0.1304,-0.7824
race_ethnicity,hispanic,6,6.0,1.0,1.1441,0.1667,0.1907,-0.1441
race_ethnicity,hispanic,7,6.0,1.0,1.698,0.1667,0.283,-0.698
race_ethnicity,hispanic,8,5.0,1.0,1.886,0.2,0.3772,-0.886
race_ethnicity,hispanic,9,5.0,3.0,2.5771,0.6,0.5154,0.4229
race_ethnicity,hispanic,10,5.0,3.0,3.9134,0.6,0.7827,-0.9134
race_ethnicity,other,1,4.0,0.0,0.0648,0.0,0.0162,-0.0648
race_ethnicity,other,2,4.0,0.0,0.1262,0.0,0.0315,-0.1262
race_ethnicity,other,3,3.0,1.0,0.1478,0.3333,0.0493,0.8522
race_ethnicity,other,4,3.0,1.0,0.1962,0.3333,0.0654,0.8038
race_ethnicity,other,5,3.0,0.0,0.3164,0.0,0.1055,-0.3164
race_ethnicity,other,6,3.0,0.0,0.5325,0.0,0.1775,-0.5325
race_ethnicity,other,7,3.0,1.0,0.6123,0.3333,0.2041,0.3877
race_ethnicity,other,8,3.0,1.0,1.139,0.3333,0.3797,-0.139
race_ethnicity,other,9,3.0,2.0,1.7,0.6667,0.5667,0.3
race_ethnicity,other,10,3.0,3.0,2.5679,1.0,0.856,0.4321
race_ethnicity,white,1,146.0,3.0,3.783,0.0205,0.0259,-0.783
race_ethnicity,white,2,146.0,5.0,6.271,0.0342,0.043,-1.271
race_ethnicity,white,3,146.0,6.0,8.7993,0.0411,0.0603,-2.7993
race_ethnicity,white,4,145.0,12.0,12.1772,0.0828,0.084,-0.1772
race_ethnicity,white,5,145.0,15.0,18.0508,0.1034,0.1245,-3.0508
race_ethnicity,white,6,145.0,30.0,26.18,0.2069,0.1806,3.82
race_ethnicity,white,7,145.0,41.0,37.3797,0.2828,0.2578,3.6203
race_ethnicity,white,8,145.0,61.0,53.6089,0.4207,0.3697,7.3911
race_ethnicity,white,9,145.0,71.0,76.5895,0.4897,0.5282,-5.5895
race_ethnicity,white,10,145.0,122.0,115.915,0.8414,0.7994,6.085
