rung,attribute,subgroup,n,n_events,calibration_intercept,intercept_ci_low,intercept_ci_high,calibration_slope,slope_ci_low,slope_ci_high,brier,brier_ci_low,brier_ci_high,ece,ici,net_benefit,gap_metric,gap_value,event_floor,below_floor,not_estimable_final
none,race_ethnicity,Overall,1821.0,472.0,0.0824,-0.0502,0.2083,1.0336,0.9324,1.1498,0.1293,0.1193,0.1393,0.0191,0.0137,0.1269,,,25.0,False,False
none,race_ethnicity,asian,13.0,5.0,0.6746,,,0.949,,,0.2006,,,0.3488,0.1884,0.1648,,,25.0,True,True
none,race_ethnicity,black,266.0,82.0,0.3364,-0.0128,0.6611,0.8708,,,0.1573,0.1285,0.187,0.0552,0.0432,0.1574,,,25.0,False,True
none,race_ethnicity,hispanic,57.0,10.0,-0.4927,,,0.9476,,,0.106,,,0.0981,0.0571,0.0476,,,25.0,True,True
none,race_ethnicity,other,32.0,9.0,0.431,,,0.9413,,,0.1257,,,0.1236,0.0694,0.1607,,,25.0,True,True
none,race_ethnicity,white,1453.0,366.0,0.039,-0.1055,0.1739,1.0778,0.9656,1.2111,0.1245,0.1134,0.1351,0.0238,0.0141,0.1233,,,25.0,False,False
none,race_ethnicity,GAP,,,,,,,,,,,,,,,max_intercept_gap,1.1673,,,
common,race_ethnicity,Overall,1821.0,472.0,0.0001,-0.1384,0.1324,0.7671,0.5923,0.9605,0.1317,0.1216,0.1421,0.0162,0.0088,0.1251,,,25.0,False,False
common,race_ethnicity,asian,13.0,5.0,0.7072,,,0.7245,,,0.2232,,,0.3645,0.243,0.1648,,,25.0,True,True
common,race_ethnicity,black,266.0,82.0,0.2438,-0.118,0.5855,0.5109,,,0.1591,0.1304,0.1886,0.0775,0.0418,0.1525,,,25.0,False,True
common,race_ethnicity,hispanic,57.0,10.0,-0.5562,,,0.9183,,,0.1045,,,0.12,0.0848,0.0476,,,25.0,True,True
common,race_ethnicity,other,32.0,9.0,0.3957,,,0.8012,,,0.127,,,0.1241,0.0844,0.1607,,,25.0,True,True
common,race_ethnicity,white,1453.0,366.0,-0.0428,-0.1967,0.1006,0.8237,0.6248,1.0414,0.127,0.1161,0.1376,0.018,0.0076,0.122,,,25.0,False,False
common,race_ethnicity,GAP,,,,,,,,,,,,,,,max_intercept_gap,1.2634,,,
group_specific,race_ethnicity,Overall,1821.0,472.0,0.0088,-0.1333,0.1459,0.4323,0.2295,0.6661,0.1326,0.1224,0.1431,0.0209,0.0156,0.1236,,,25.0,False,False
group_specific,race_ethnicity,asian,13.0,5.0,0.3494,,,0.0745,,,0.236,,,0.318,0.2631,0.2418,,,25.0,True,True
group_specific,race_ethnicity,black,266.0,82.0,-0.002,-0.3662,0.3324,0.2049,,,0.1615,0.1348,0.1894,0.047,0.0318,0.1536,,,25.0,False,True
group_specific,race_ethnicity,hispanic,57.0,10.0,0.0642,,,0.1136,,,0.1091,,,0.0917,0.0729,0.0602,,,25.0,True,True
group_specific,race_ethnicity,other,32.0,9.0,0.2826,,,0.0609,,,0.1423,,,0.1314,0.1122,0.1607,,,25.0,True,True
group_specific,race_ethnicity,white,1453.0,366.0,0.0036,-0.1529,0.1495,0.6864,0.4715,0.9326,0.1271,0.1159,0.1376,0.0201,0.0109,0.1188,,,25.0,False,False
group_specific,race_ethnicity,GAP,,,,,,,,,,,,,,,max_intercept_gap,0.3515,,,
