axis,subgroup,subgroup_label,shrunk,n,n_events,prevalence,auroc,auroc_ci_low,auroc_ci_high,auprc,auprc_ci_low,auprc_ci_high,sensitivity,sensitivity_ci_low,sensitivity_ci_high,specificity,specificity_ci_low,specificity_ci_high,ppv,ppv_ci_low,ppv_ci_high,npv,npv_ci_low,npv_ci_high,gap_equal_opportunity_difference,gap_predictive_equality,gap_equalized_odds_gap,gap_statistical_parity,auroc_not_estimable,auprc_not_estimable,sensitivity_not_estimable,specificity_not_estimable,ppv_not_estimable,npv_not_estimable
clinic,Overall,Overall,False,10719.0,504.0,0.0470193115029387,0.8759998329565144,0.8585415842089719,0.8923264389492583,0.3764423879258923,0.3324215496797397,0.4217506821407788,0.8988095238095238,0.8708976538592316,0.924563177244582,0.6468918257464513,0.6377235331777703,0.6563054460601161,0.1115763546798029,0.101543298331644,0.120987224473775,0.9923411923712268,0.9901603031008912,0.9943687018375816,0.3333333333333333,0.3731253477568872,0.3731253477568872,0.3856606058447456,False,False,False,False,False,False
clinic,ORL,ORL,False,233.0,15.0,0.0643776824034334,0.8204892966360856,,,0.2213220383059721,,,1.0,,,0.4082568807339449,,,0.1041666666666666,,,1.0,,,0.3333333333333333,0.3731253477568872,0.3731253477568872,0.3856606058447456,True,True,True,True,True,True
clinic,gynecology,gynecology,False,452.0,24.0,0.0530973451327433,0.8206775700934579,,,0.3947829263390276,,,0.75,,,0.6892523364485982,,,0.119205298013245,,,0.9800664451827242,,,0.3333333333333333,0.3731253477568872,0.3731253477568872,0.3856606058447456,True,True,True,True,True,True
clinic,neuro,neuro,False,1117.0,26.0,0.0232766338406445,0.8707960234083058,0.7852988251878741,0.939202134085499,0.4343685689367728,0.2397952334767924,0.6213882270098066,0.8076923076923077,0.6427857142857143,0.9545454545454546,0.7561869844179652,0.7307674632352941,0.7803308823529411,0.073170731707317,0.0439560439560439,0.1066212450282604,0.993975903614458,0.987863339475114,0.9987864077669902,0.3333333333333333,0.3731253477568872,0.3731253477568872,0.3856606058447456,False,False,False,False,False,False
clinic,ortho,ortho,False,1690.0,76.0,0.0449704142011834,0.8519492271571121,0.8084030207225326,0.8866070873270206,0.231850114212836,0.1601764448308307,0.3316032336980142,0.9078947368421052,0.8353902953586498,0.9647161422708618,0.6332094175960347,0.6096627738203199,0.6568942361412935,0.1043872919818457,0.0804940131456866,0.1274666149195005,0.9931972789115646,0.9874031007751938,0.9971726117908256,0.3333333333333333,0.3731253477568872,0.3731253477568872,0.3856606058447456,False,False,False,False,False,False
clinic,pediatric,pediatric,False,65.0,3.0,0.0461538461538461,0.6532258064516129,,,0.1805749805749805,,,0.6666666666666666,,,0.4516129032258064,,,0.0555555555555555,,,0.9655172413793104,,,0.3333333333333333,0.3731253477568872,0.3731253477568872,0.3856606058447456,True,True,True,True,True,True
clinic,thoracic,thoracic,False,723.0,14.0,0.0193637621023513,0.9445899657465244,,,0.4114262371615312,,,0.9285714285714286,,,0.7813822284908322,,,0.0773809523809523,,,0.9981981981981982,,,0.3333333333333333,0.3731253477568872,0.3731253477568872,0.3856606058447456,True,True,True,True,True,True
clinic,urology,urology,False,349.0,19.0,0.0544412607449856,0.7847687400318979,,,0.3307924568503358,,,0.7368421052631579,,,0.6242424242424243,,,0.1014492753623188,,,0.976303317535545,,,0.3333333333333333,0.3731253477568872,0.3731253477568872,0.3856606058447456,True,True,True,True,True,True
clinic,vascular,vascular,False,4852.0,184.0,0.0379225061830173,0.8660532161618419,0.8344551038911779,0.8957437309470296,0.3225191379103372,0.2566170842812137,0.3950056600867521,0.8858695652173914,0.8369416996047432,0.92929430171278,0.6557412167952014,0.6428716448554439,0.6698903272731722,0.0920903954802259,0.0787934197733114,0.1060217044723007,0.9931862426995456,0.990125082290981,0.995821680745494,0.3333333333333333,0.3731253477568872,0.3731253477568872,0.3856606058447456,False,False,False,False,False,False
clinic,visceral,visceral,False,1238.0,143.0,0.1155088852988691,0.8832072037551489,0.8542264632213756,0.9086191176786124,0.5567011331249205,0.4718577612555443,0.639700261234252,0.965034965034965,0.9318181818181818,0.9929078014184396,0.4821917808219178,0.4531065305430213,0.5100009124087591,0.1957446808510638,0.1688069720844516,0.225671163601072,0.9906191369606004,0.9813084112149532,0.9981132963792062,0.3333333333333333,0.3731253477568872,0.3731253477568872,0.3856606058447456,False,False,False,False,False,False
surgical_group,Overall,Overall,False,10719.0,504.0,0.0470193115029387,0.8759998329565144,0.8585415842089719,0.8923264389492583,0.3764423879258923,0.3324215496797397,0.4217506821407788,0.8988095238095238,0.8708976538592316,0.924563177244582,0.6468918257464513,0.6377235331777703,0.6563054460601161,0.1115763546798029,0.101543298331644,0.120987224473775,0.9923411923712268,0.9901603031008912,0.9943687018375816,0.4444444444444444,0.515766306522609,0.515766306522609,0.543113466276205,False,False,False,False,False,False
surgical_group,chopcluster_1,chopcluster_1 (NervousSystem),False,903.0,22.0,0.0243632336655592,0.8787534826127334,,,0.4600090475094822,,,0.8181818181818182,,,0.7514188422247446,,,0.0759493670886076,,,0.993993993993994,,,0.4444444444444444,0.515766306522609,0.515766306522609,0.543113466276205,True,True,True,True,True,True
surgical_group,chopcluster_10,chopcluster_10 (UroAndrological+Urologic),False,346.0,28.0,0.0809248554913294,0.788858939802336,0.6730875510872466,0.8888407780160117,0.3831750862571193,0.2334118971430928,0.5944825951672318,0.7857142857142857,0.625,0.9333333333333332,0.559748427672956,0.5046079919822181,0.6139354264912716,0.1358024691358024,0.0833333333333333,0.1927710843373494,0.967391304347826,0.9384550561797752,0.9894179894179894,0.4444444444444444,0.515766306522609,0.515766306522609,0.543113466276205,False,False,False,False,False,False
surgical_group,chopcluster_11,chopcluster_11 (Gynecological),False,303.0,9.0,0.0297029702970297,0.7613378684807256,,,0.2390213422499334,,,0.5555555555555556,,,0.7687074829931972,,,0.0684931506849315,,,0.982608695652174,,,0.4444444444444444,0.515766306522609,0.515766306522609,0.543113466276205,True,True,True,True,True,True
surgical_group,chopcluster_12,chopcluster_12 (Musculoskeletal),False,1623.0,62.0,0.0382008626001232,0.8560889421586659,0.8096305662448974,0.8940772157057406,0.1917110548982247,0.1351821568802017,0.2939419169306253,0.9193548387096774,0.84375,0.9814814814814816,0.6540679051889814,0.6312056737588653,0.6764710592757283,0.0954773869346733,0.0727549646727946,0.1191737359883504,0.9951267056530214,0.9901953554283072,0.9990158204739864,0.4444444444444444,0.515766306522609,0.515766306522609,0.543113466276205,False,False,False,False,False,False
surgical_group,chopcluster_13,chopcluster_13 (Cutaneous),False,213.0,43.0,0.2018779342723004,0.7963064295485636,0.7159663737842616,0.870997945137863,0.5609850462679393,0.4193997451790378,0.6998714913186278,0.9302325581395348,0.8461538461538461,1.0,0.2529411764705882,0.1920846472211273,0.3176538592315538,0.2395209580838323,0.1785611658456486,0.3012165982365214,0.9347826086956522,0.8571428571428571,1.0,0.4444444444444444,0.515766306522609,0.515766306522609,0.543113466276205,False,False,False,False,False,False
surgical_group,chopcluster_3,chopcluster_3 (Thoracic),False,807.0,22.0,0.0272614622057001,0.9410538506079908,,,0.4819453698393531,,,0.9545454545454546,,,0.7528662420382166,,,0.0976744186046511,,,0.9983108108108107,,,0.4444444444444444,0.515766306522609,0.515766306522609,0.543113466276205,True,True,True,True,True,True
surgical_group,chopcluster_4,chopcluster_4 (Cardiac),False,3764.0,118.0,0.0313496280552603,0.8408192865178464,0.793046204859958,0.8829043138408884,0.251356582059402,0.1884786588746706,0.3382001632608537,0.8389830508474576,0.7669822006472492,0.902439024390244,0.6730663741086121,0.6576101692064453,0.6873811702640038,0.0766847405112316,0.0622567326826785,0.0918013845219349,0.9923170238576628,0.9886593762656948,0.995571747680732,0.4444444444444444,0.515766306522609,0.515766306522609,0.543113466276205,False,False,False,False,False,False
surgical_group,chopcluster_5,chopcluster_5 (Vascular),False,769.0,30.0,0.0390117035110533,0.8929409111411817,0.8266377071766611,0.9426844977956036,0.3918559261590753,0.2248825085734137,0.5649594858182956,0.9333333333333332,0.8234768907563025,1.0,0.6359945872801083,0.6016299638656392,0.6724832214765101,0.0942760942760942,0.0625,0.1297012859392005,0.9957627118644068,0.98896186192346,1.0,0.4444444444444444,0.515766306522609,0.515766306522609,0.543113466276205,False,False,False,False,False,False
surgical_group,chopcluster_6,chopcluster_6 (AbdominalWall),False,530.0,67.0,0.1264150943396226,0.8890751426453049,0.8444734974453321,0.9269045195378142,0.6251532049590784,0.5164332825176808,0.7284828391181164,0.9552238805970148,0.9012037037037036,1.0,0.4708423326133909,0.4252097315436241,0.5142247577367928,0.2071197411003236,0.1634599673202614,0.252577970630501,0.986425339366516,0.9694289626905692,1.0,0.4444444444444444,0.515766306522609,0.515766306522609,0.543113466276205,False,False,False,False,False,False
surgical_group,chopcluster_7,chopcluster_7 (GastroIntestinal),False,298.0,36.0,0.1208053691275167,0.8636026293469042,0.8128641023900054,0.9127195893428912,0.5210138032896805,0.3646489616985729,0.6807341528719933,1.0,1.0,1.0,0.3091603053435114,0.2558117344221551,0.366158073146262,0.1658986175115207,0.1171171171171171,0.2159687856870955,1.0,1.0,1.0,0.4444444444444444,0.515766306522609,0.515766306522609,0.543113466276205,False,False,False,False,False,False
surgical_group,chopcluster_8,chopcluster_8 (Hepatobiliary),False,306.0,23.0,0.0751633986928104,0.8017360577661699,,,0.3269712661313542,,,0.8695652173913043,,,0.5512367491166078,,,0.1360544217687075,,,0.981132075471698,,,0.4444444444444444,0.515766306522609,0.515766306522609,0.543113466276205,True,True,True,True,True,True
surgical_group,none,none,False,857.0,44.0,0.0513418903150525,0.900019568377502,0.865678127763594,0.9316611892941794,0.3878749231017782,0.2558755122917256,0.5310038980246229,0.9772727272727272,0.926806684733514,1.0,0.6248462484624846,0.5902853628162683,0.6579626085439959,0.1235632183908046,0.0877180966113914,0.1592391520700636,0.9980353634577604,0.993963782696177,1.0,0.4444444444444444,0.515766306522609,0.515766306522609,0.543113466276205,False,False,False,False,False,False
sex × age_group,Overall,Overall,False,10719.0,504.0,0.0470193115029387,0.8759998329565144,0.8585415842089719,0.8923264389492583,0.3764423879258923,0.3324215496797397,0.4217506821407788,0.8988095238095238,0.8708976538592316,0.924563177244582,0.6468918257464513,0.6377235331777703,0.6563054460601161,0.1115763546798029,0.101543298331644,0.120987224473775,0.9923411923712268,0.9901603031008912,0.9943687018375816,0.1117408906882591,0.1300091991295655,0.1300091991295655,0.1415222435406573,False,False,False,False,False,False
sex × age_group,female / 0-17,female / 0-17,True,175.0,13.0,0.0628497125620586,0.9019468186134852,,,0.4075417299220585,,,0.9068637803590286,,,0.5494334078564832,,,0.1224640302226509,,,0.9940510611922798,,,0.1117408906882591,0.1300091991295655,0.1300091991295655,0.1415222435406573,True,True,True,True,True,True
sex × age_group,female / 18-44,female / 18-44,True,408.0,13.0,0.0377915622763644,0.872541382667965,,,0.3401114978879253,,,0.8963041182682155,,,0.66315762201371,,,0.1014348483375032,,,0.9921609690849564,,,0.1117408906882591,0.1300091991295655,0.1300091991295655,0.1415222435406573,True,True,True,True,True,True
sex × age_group,female / 45-64,female / 45-64,False,1179.0,52.0,0.0441051738761662,0.8598389188451301,0.788157851163945,0.9189472224841776,0.3769046125031237,0.2477725216388566,0.5170657586410788,0.8461538461538461,0.7380854800936768,0.9411764705882352,0.6743566992014197,0.6474205566049853,0.7016796825747068,0.1070559610705596,0.0780856423173803,0.1388208478020272,0.9895833333333334,0.9819349003917646,0.9961190168175936,0.1117408906882591,0.1300091991295655,0.1300091991295655,0.1415222435406573,False,False,False,False,False,False
sex × age_group,female / 65-79,female / 65-79,False,1470.0,93.0,0.0632653061224489,0.8995517761066991,0.8653000791781551,0.9309672278605814,0.5451761248760498,0.4508155062490327,0.6400895762535548,0.935483870967742,0.8823529411764706,0.9798030303030304,0.644880174291939,0.6195626519528906,0.6695653752644375,0.1510416666666666,0.1198554734357466,0.1808906710173527,0.9932885906040269,0.9876954049768144,0.9978165938864628,0.1117408906882591,0.1300091991295655,0.1300091991295655,0.1415222435406573,False,False,False,False,False,False
sex × age_group,female / 80+,female / 80+,True,457.0,19.0,0.0443406836032639,0.813746695505888,,,0.165705686796054,,,0.8943705220061413,,,0.5955863691709536,,,0.0982882512294277,,,0.9896307462103484,,,0.1117408906882591,0.1300091991295655,0.1300091991295655,0.1415222435406573,True,True,True,True,True,True
sex × age_group,male / 0-17,male / 0-17,True,192.0,8.0,0.0431026946713557,0.647758152173913,,,0.1192934165686501,,,0.8862414855548033,,,0.5597344357635848,,,0.0858993269524933,,,0.983923013923014,,,0.1117408906882591,0.1300091991295655,0.1300091991295655,0.1415222435406573,True,True,True,True,True,True
sex × age_group,male / 18-44,male / 18-44,True,533.0,21.0,0.0407090960204785,0.84375,,,0.3289756613517764,,,0.8886673249052975,,,0.6794426069860487,,,0.1019136567070776,,,0.9900957834816102,,,0.1117408906882591,0.1300091991295655,0.1300091991295655,0.1415222435406573,True,True,True,True,True,True
sex × age_group,male / 45-64,male / 45-64,False,2536.0,95.0,0.0374605678233438,0.9031199465275233,0.8728746499118861,0.9293953903045497,0.3918174525316165,0.3005689378177182,0.4944552939664475,0.9578947368421052,0.9148871302542811,0.9906563689858082,0.6620237607537894,0.6437678663210962,0.6809401709617848,0.0993449781659388,0.0805576333964088,0.1186458805401975,0.9975308641975308,0.9950123910436012,0.9993968909249228,0.1117408906882591,0.1300091991295655,0.1300091991295655,0.1415222435406573,False,False,False,False,False,False
sex × age_group,male / 65-79,male / 65-79,False,3214.0,156.0,0.0485376477909147,0.8816701883248647,0.847843533308987,0.910982599098594,0.3779631252148656,0.3074851094945287,0.462825919737827,0.8974358974358975,0.8430168568085418,0.941521417179312,0.657946370176586,0.6409394890504708,0.6746011706507574,0.118043844856661,0.1000877399847239,0.1367532467532467,0.9921104536489151,0.987798777366627,0.9956057896748722,0.1117408906882591,0.1300091991295655,0.1300091991295655,0.1415222435406573,False,False,False,False,False,False
sex × age_group,male / 80+,male / 80+,True,555.0,34.0,0.0572587267116864,0.797617703511347,,,0.2687528546975409,,,0.8907933932333922,,,0.594677789861193,,,0.1123695418001269,,,0.9869486724326776,,,0.1117408906882591,0.1300091991295655,0.1300091991295655,0.1415222435406573,False,False,False,False,False,False
sex × frailty,Overall,Overall,False,10719.0,504.0,0.0470193115029387,0.8759998329565144,0.8585415842089719,0.8923264389492583,0.3764423879258923,0.3324215496797397,0.4217506821407788,0.8988095238095238,0.8708976538592316,0.924563177244582,0.6468918257464513,0.6377235331777703,0.6563054460601161,0.1115763546798029,0.101543298331644,0.120987224473775,0.9923411923712268,0.9901603031008912,0.9943687018375816,0.1213178294573643,0.2549679587926653,0.2549679587926653,0.2844138035241818,False,False,False,False,False,False
sex × frailty,female / frail,female / frail,False,1666.0,129.0,0.0774309723889555,0.8881365591885935,0.8546060098422805,0.9182052727423472,0.4920353003027221,0.4075391829621812,0.5766978043339133,0.937984496124031,0.8923076923076924,0.9765625,0.5302537410540012,0.5051878994375113,0.5555555555555556,0.1435349940688019,0.1209186796987076,0.1666715285880979,0.9902794653705954,0.98294342992151,0.9964071856287424,0.1213178294573643,0.2549679587926653,0.2549679587926653,0.2844138035241818,False,False,False,False,False,False
sex × frailty,female / non_frail,female / non_frail,True,522.0,1.0,0.0161419935504609,0.9961612284069096,,,0.3333333333333333,,,0.9004739336492891,,,0.7475217660390754,,,0.0815996503496503,,,0.9971603404175368,,,0.1213178294573643,0.2549679587926653,0.2549679587926653,0.2844138035241818,True,True,True,True,True,True
sex × frailty,female / pre_frail,female / pre_frail,False,1501.0,60.0,0.0399733510992671,0.8225479990747167,0.7609422769709019,0.8771421921993541,0.2255337045761279,0.1481033541528278,0.3447788564588713,0.8166666666666667,0.7101185770750988,0.9074074074074074,0.7029840388619014,0.6793592830623134,0.7255199788685045,0.1027253668763102,0.0761277790453013,0.1306353748426919,0.9892578125,0.9825242718446602,0.9951077516532664,0.1213178294573643,0.2549679587926653,0.2549679587926653,0.2844138035241818,False,False,False,False,False,False
sex × frailty,male / frail,male / frail,False,4473.0,271.0,0.0605857366420746,0.8735762797894518,0.849979228373437,0.8955739678908748,0.3946620529654516,0.3349203754096418,0.4593264602844249,0.922509225092251,0.8905660377358491,0.9536696711963616,0.6035221323179438,0.5891490106664277,0.6188456761380341,0.1304801670146138,0.1150150476537118,0.1452997967479674,0.9917872506843958,0.9881750098541584,0.9951944731759648,0.1213178294573643,0.2549679587926653,0.2549679587926653,0.2844138035241818,False,False,False,False,False,False
sex × frailty,male / non_frail,male / non_frail,True,500.0,5.0,0.0202532406387113,0.8569696969696969,,,0.0707080553854747,,,0.8958080284402311,,,0.7852216998466666,,,0.090812021459451,,,0.9959756803705848,,,0.1213178294573643,0.2549679587926653,0.2549679587926653,0.2844138035241818,True,True,True,True,True,True
sex × frailty,male / pre_frail,male / pre_frail,True,2057.0,38.0,0.0208997798206815,0.815867678110581,,,0.1693782255498553,,,0.8733819601397165,,,0.6960885143077165,,,0.0599965680120661,,,0.99294968028913,,,0.1213178294573643,0.2549679587926653,0.2549679587926653,0.2844138035241818,False,False,False,False,False,False
age_group × frailty,Overall,Overall,False,10719.0,504.0,0.0470193115029387,0.8759998329565144,0.8585415842089719,0.8923264389492583,0.3764423879258923,0.3324215496797397,0.4217506821407788,0.8988095238095238,0.8708976538592316,0.924563177244582,0.6468918257464513,0.6377235331777703,0.6563054460601161,0.1115763546798029,0.101543298331644,0.120987224473775,0.9923411923712268,0.9901603031008912,0.9943687018375816,0.1545942738595865,0.3970013696691999,0.3970013696691999,0.4157928535388073,False,False,False,False,False,False
age_group × frailty,0-17 / frail,0-17 / frail,True,211.0,19.0,0.0772740683707552,0.7905701754385964,,,0.2824404484537645,,,0.861799217731421,,,0.3926173070384223,,,0.1040332499257814,,,0.9778971362060186,,,0.1545942738595865,0.3970013696691999,0.3970013696691999,0.4157928535388073,True,True,True,True,True,True
age_group × frailty,0-17 / non_frail,0-17 / non_frail,True,45.0,0.0,0.0428676879334384,,,,,,,,,,0.7111111111111111,,,0.0,,,1.0,,,0.1545942738595865,0.3970013696691999,0.3970013696691999,0.4157928535388073,True,True,True,True,True,True
age_group × frailty,0-17 / pre_frail,0-17 / pre_frail,True,111.0,2.0,0.039488440159979,0.5389908256880734,,,0.0424859550561797,,,0.8519061583577713,,,0.5100669228321324,,,0.0704979360165118,,,0.9824031426955327,,,0.1545942738595865,0.3970013696691999,0.3970013696691999,0.4157928535388073,True,True,True,True,True,True
age_group × frailty,18-44 / frail,18-44 / frail,True,300.0,21.0,0.0595214330587537,0.8643966547192353,,,0.4630166937384658,,,0.8345067756832463,,,0.5653699202408404,,,0.1064354709348955,,,0.9881816091954024,,,0.1545942738595865,0.3970013696691999,0.3970013696691999,0.4157928535388073,True,True,True,True,True,True
age_group × frailty,18-44 / non_frail,18-44 / non_frail,True,331.0,2.0,0.0147316513122531,0.8685410334346505,,,0.0313679245283018,,,0.8261169570467484,,,0.7892186556486047,,,0.0726690739785458,,,0.9968407443682664,,,0.1545942738595865,0.3970013696691999,0.3970013696691999,0.4157928535388073,True,True,True,True,True,True
age_group × frailty,18-44 / pre_frail,18-44 / pre_frail,True,310.0,11.0,0.0356798166532912,0.7438431134083308,,,0.1412795673260691,,,0.8093696901043774,,,0.6800275150612907,,,0.0796497925842193,,,0.9845042765084944,,,0.1545942738595865,0.3970013696691999,0.3970013696691999,0.4157928535388073,True,True,True,True,True,True
age_group × frailty,45-64 / frail,45-64 / frail,False,1967.0,111.0,0.0564311133706151,0.8982142163715439,0.8685896553102792,0.9257966548142712,0.4436848901260523,0.3538302650830119,0.5402710910975175,0.963963963963964,0.9265982617093192,0.9919386840757808,0.6029094827586207,0.581059022690596,0.6248671240945791,0.1267772511848341,0.1047591362126245,0.1492736208256486,0.9964381121994658,0.9928251121076234,0.9991319820551704,0.1545942738595865,0.3970013696691999,0.3970013696691999,0.4157928535388073,False,False,False,False,False,False
age_group × frailty,45-64 / non_frail,45-64 / non_frail,True,410.0,3.0,0.0152794190796688,0.9705159705159704,,,0.3071895424836601,,,0.9201497192763568,,,0.7896186767076223,,,0.0807797795341827,,,0.9985703283564308,,,0.1545942738595865,0.3970013696691999,0.3970013696691999,0.4157928535388073,True,True,True,True,True,True
age_group × frailty,45-64 / pre_frail,45-64 / pre_frail,True,1338.0,33.0,0.0260242568235341,0.8077789388134216,,,0.1753543255414263,,,0.8866700802184674,,,0.7006388436636839,,,0.0709074926583339,,,0.9918264774030318,,,0.1545942738595865,0.3970013696691999,0.3970013696691999,0.4157928535388073,False,False,False,False,False,False
age_group × frailty,65-79 / frail,65-79 / frail,False,3032.0,204.0,0.0672823218997361,0.8888807998446904,0.8619268266391577,0.91433970000266,0.4867891388721262,0.4160590291906497,0.5600472497662232,0.9215686274509804,0.8835953151487133,0.9581157920370144,0.6103253182461104,0.5920420153356368,0.6271187941134104,0.1457364341085271,0.125765213397712,0.1645571966107102,0.9908151549942594,0.9862933507383536,0.995272146393684,0.1545942738595865,0.3970013696691999,0.3970013696691999,0.4157928535388073,False,False,False,False,False,False
age_group × frailty,65-79 / non_frail,65-79 / non_frail,True,218.0,1.0,0.0231119826375392,0.5921658986175116,,,0.0104166666666666,,,0.904913598263067,,,0.7424096495320057,,,0.0970564431979558,,,0.9934762981487548,,,0.1545942738595865,0.3970013696691999,0.3970013696691999,0.4157928535388073,True,True,True,True,True,True
age_group × frailty,65-79 / pre_frail,65-79 / pre_frail,True,1434.0,44.0,0.0326094508298067,0.8697269457161543,,,0.2465244886069582,,,0.9054108811929332,,,0.7143025130185953,,,0.1001331249404611,,,0.9947282447817222,,,0.1545942738595865,0.3970013696691999,0.3970013696691999,0.4157928535388073,False,False,False,False,False,False
age_group × frailty,80+ / frail,80+ / frail,True,629.0,45.0,0.0681670620616526,0.7957572298325722,,,0.2532476555025019,,,0.8590479796386278,,,0.5226903256222262,,,0.1160082527292376,,,0.9841870655233038,,,0.1545942738595865,0.3970013696691999,0.3970013696691999,0.4157928535388073,False,False,False,False,False,False
age_group × frailty,80+ / non_frail,80+ / non_frail,True,18.0,0.0,0.0461859263639475,,,,,,,,,,0.6666666666666666,,,0.0,,,1.0,,,0.1545942738595865,0.3970013696691999,0.3970013696691999,0.4157928535388073,True,True,True,True,True,True
age_group × frailty,80+ / pre_frail,80+ / pre_frail,True,365.0,8.0,0.0301136066837517,0.7401960784313726,,,0.2089717545512065,,,0.8364691541233835,,,0.6522196376210975,,,0.0726527212176046,,,0.987075243059656,,,0.1545942738595865,0.3970013696691999,0.3970013696691999,0.4157928535388073,True,True,True,True,True,True
