axis,subgroup,subgroup_label,shrunk,n,n_events,calibration_intercept,intercept_ci_low,intercept_ci_high,calibration_slope,slope_ci_low,slope_ci_high,brier,brier_ci_low,brier_ci_high,ece,ici,gap_max_intercept_gap,gap_max_intercept_gap_ci_low,gap_max_intercept_gap_ci_high,gap_max_intercept_gap_not_estimable,gap_max_slope_gap,gap_max_slope_gap_ci_low,gap_max_slope_gap_ci_high,gap_max_slope_gap_not_estimable,calibration_intercept_not_estimable,calibration_slope_not_estimable,brier_not_estimable
sex,Overall,Overall,False,6051.0,501.0,-0.5788291519043225,-0.6727494658634852,-0.4894699688697509,1.4414777789242832,1.324593745550934,1.5781323237991902,0.0620297967278135,0.0581603880556932,0.0658882194058833,0.0472252520244587,0.0469991318743756,0.0611987897308239,0.0037130024103605,0.25048989776148,False,0.0738002388920939,0.0049214233470495,0.3282036279679974,False,False,False,False
sex,female,female,False,2090.0,189.0,-0.5398780774934079,-0.6979006352718481,-0.3902129570666827,1.3952761376607754,1.2099601195994525,1.6131241598706367,0.0660416746411483,0.0593636970693779,0.0727996842105263,0.0465023923444976,0.0453424595797425,0.0611987897308239,0.0037130024103605,0.25048989776148,False,0.0738002388920939,0.0049214233470495,0.3282036279679974,False,False,False,False
sex,male,male,False,3961.0,312.0,-0.6010768672242318,-0.7191902965915681,-0.4913500321312449,1.4690763765528694,1.3160323478070712,1.641050278847011,0.0599129512749305,0.0552416741353193,0.0645106724943196,0.0478894218631658,0.0481534142200835,0.0611987897308239,0.0037130024103605,0.25048989776148,False,0.0738002388920939,0.0049214233470495,0.3282036279679974,False,False,False,False
age_group,Overall,Overall,False,6051.0,501.0,-0.5788291519043225,-0.6727494658634852,-0.4894699688697509,1.4414777789242832,1.324593745550934,1.5781323237991902,0.0620297967278135,0.0581603880556932,0.0658882194058833,0.0472252520244587,0.0469991318743756,0.2983477554920143,,,True,0.6004946385018894,,,True,False,False,False
age_group,0-17,0-17,False,223.0,21.0,-0.4634273718189142,,,1.4702392280251235,,,0.0763086322869955,,,0.0519058295964125,0.0469218046474055,0.2983477554920143,,,True,0.6004946385018894,,,True,True,True,True
age_group,18-44,18-44,False,518.0,34.0,-0.7617751273109286,-1.1830045245137266,-0.4409385823707354,1.2399553242340964,,,0.0564003378378378,0.0439451073841698,0.0693276122104247,0.0573841698841698,0.0547257041175702,0.2983477554920143,,,True,0.6004946385018894,,,True,False,True,False
age_group,45-64,45-64,False,2049.0,146.0,-0.7101304332315037,-0.8841259245924231,-0.554523278108824,1.4343832686731337,1.2211522349854007,1.6928897005970829,0.0551488164958516,0.0490903465104929,0.0613667444485114,0.053150317227916,0.0514134192896703,0.2983477554920143,,,True,0.6004946385018894,,,True,False,False,False
age_group,65-79,65-79,False,2698.0,247.0,-0.4669103708651125,-0.6010678826880449,-0.3441357810660356,1.5970568333774438,1.410682547099353,1.8224145769251612,0.0630498054114158,0.0571975977575982,0.0689419391679021,0.0461693847294292,0.047829799454038,0.2983477554920143,,,True,0.6004946385018894,,,True,False,False,False
age_group,80+,80+,False,563.0,53.0,-0.6036992489482386,-0.914457624885548,-0.314749560271639,0.9965621948755544,,,0.0817083481349911,0.0683116296625222,0.097138081705151,0.0566785079928952,0.0585098277681899,0.2983477554920143,,,True,0.6004946385018894,,,True,False,True,False
frailty,Overall,Overall,False,6051.0,501.0,-0.5788291519043225,-0.6727494658634852,-0.4894699688697509,1.4414777789242832,1.324593745550934,1.5781323237991902,0.0620297967278135,0.0581603880556932,0.0658882194058833,0.0472252520244587,0.0469991318743756,1.557788147874624,,,True,0.3782458489986802,,,True,False,False,False
frailty,frail,frail,False,3684.0,399.0,-0.4377390351405984,-0.5513132270937882,-0.3399263326860606,1.4904330578982403,1.348881290562873,1.6451008232088948,0.0748371131921824,0.0694047202429424,0.079901731982899,0.0441028773072747,0.0446568424822742,1.557788147874624,,,True,0.3782458489986802,,,True,False,False,False
frailty,non_frail,non_frail,False,547.0,6.0,-1.9955271830152224,,,1.3566999046697874,,,0.0168933272394881,,,0.0588665447897623,0.0590076866982848,1.557788147874624,,,True,0.3782458489986802,,,True,True,True,True
frailty,pre_frail,pre_frail,False,1820.0,96.0,-0.8430510421387137,-1.0682428521307397,-0.6531901459110945,1.1121872088995604,,,0.0496712774725274,0.0433199289148351,0.0567443959478021,0.0548214285714285,0.0535714832722721,1.557788147874624,,,True,0.3782458489986802,,,True,False,True,False
