intersection,cell,n,n_events,shrunk,cell_rate,marginal_rate,shrinkage_factor
sex × age_group,female / 0-17,109,13,True,0.1192660550458715,0.0904306220095693,0.6166695973272375
sex × age_group,female / 18-44,220,13,True,0.059090909090909,0.0904306220095693,0.4435310484380927
sex × age_group,female / 45-64,683,52,False,0.0761346998535871,0.0904306220095693,0.2042872953923224
sex × age_group,female / 65-79,839,92,False,0.1096543504171632,0.0904306220095693,0.1728693251836151
sex × age_group,female / 80+,239,19,True,0.0794979079497908,0.0904306220095693,0.4231929528176661
sex × age_group,male / 0-17,114,8,True,0.0701754385964912,0.078767987881848,0.6060134784862622
sex × age_group,male / 18-44,298,21,True,0.0704697986577181,0.078767987881848,0.370444702651315
sex × age_group,male / 45-64,1366,94,False,0.068814055636896,0.078767987881848,0.1137639082622376
sex × age_group,male / 65-79,1859,155,False,0.0833781603012372,0.078767987881848,0.0861946076142256
sex × age_group,male / 80+,324,34,True,0.1049382716049382,0.078767987881848,0.3511565034544908
sex × frailty,female / frail,1010,129,False,0.1277227722772277,0.0904306220095693,0.1712820512820513
sex × frailty,female / non_frail,275,1,True,0.0036363636363636,0.0904306220095693,0.4315245478036176
sex × frailty,female / pre_frail,805,59,False,0.0732919254658385,0.0904306220095693,0.2059186189889026
sex × frailty,male / frail,2674,270,False,0.1009723261032161,0.078767987881848,0.0724134940594918
sex × frailty,male / non_frail,272,5,True,0.0183823529411764,0.078767987881848,0.4342173686947478
sex × frailty,male / pre_frail,1015,37,True,0.0364532019704433,0.078767987881848,0.170582226762002
age_group × frailty,0-17 / frail,128,19,True,0.1484375,0.0941704035874439,0.510703363914373
age_group × frailty,0-17 / non_frail,28,0,True,0.0,0.0941704035874439,0.8267326732673267
age_group × frailty,0-17 / pre_frail,67,2,True,0.0298507462686567,0.0941704035874439,0.6660019940179461
age_group × frailty,18-44 / frail,183,21,True,0.1147540983606557,0.0656370656370656,0.4219835754895767
age_group × frailty,18-44 / non_frail,182,2,True,0.0109890109890109,0.0656370656370656,0.4233206590621038
age_group × frailty,18-44 / pre_frail,153,11,True,0.0718954248366013,0.0656370656370656,0.4661549197487787
age_group × frailty,45-64 / frail,1167,110,False,0.0942587832047986,0.071254270375793,0.1027218206981393
age_group × frailty,45-64 / non_frail,210,3,True,0.0142857142857142,0.071254270375793,0.3888242142025611
age_group × frailty,45-64 / pre_frail,672,33,True,0.0491071428571428,0.071254270375793,0.1658391261171797
age_group × frailty,65-79 / frail,1846,204,False,0.1105092091007584,0.0915492957746478,0.0674883814912103
age_group × frailty,65-79 / non_frail,118,1,True,0.0084745762711864,0.0915492957746478,0.5310015898251192
age_group × frailty,65-79 / pre_frail,734,42,True,0.0572207084468664,0.0915492957746478,0.1539880129091747
age_group × frailty,80+ / frail,360,45,True,0.125,0.0941385435168739,0.2706645056726093
age_group × frailty,80+ / non_frail,9,0,True,0.0,0.0941385435168739,0.9368863955119214
age_group × frailty,80+ / pre_frail,194,8,True,0.0412371134020618,0.0941385435168739,0.4078144078144077
