artifact,bytes,sha256_16,produced_by,random_state,n_bootstrap,isitfair,python,numpy,pandas,scikit_learn,statsmodels,dcurves,data_source
notebooks/01_audit_report_support2.ipynb,43124,ff7884fe0b72cb76,examples/support2_mortality_audit.py (converted with jupytext),99,2000,0.4.0,3.10.20,2.2.6,2.3.3,1.7.2,0.14.6,1.1.7,"UCI SUPPORT2 (id 880, CC BY 4.0)"
notebooks/02_paper_analysis_support2.ipynb,1428061,eec835e04afa5e8f,jupyter nbconvert --execute,99,2000,0.4.0,3.10.20,2.2.6,2.3.3,1.7.2,0.14.6,1.1.7,"UCI SUPPORT2 (id 880, CC BY 4.0)"
notebooks/03_tutorial_support2.ipynb,723708,c6b09ebe9ed8edd7,jupyter nbconvert --execute,99,200,0.4.0,3.10.20,2.2.6,2.3.3,1.7.2,0.14.6,1.1.7,"UCI SUPPORT2 (id 880, CC BY 4.0)"
results/figures/figure1_discrimination.pdf,28088,096786ec7ea0d92c,notebooks/02_paper_analysis_support2.ipynb,99,2000,0.4.0,3.10.20,2.2.6,2.3.3,1.7.2,0.14.6,1.1.7,"UCI SUPPORT2 (id 880, CC BY 4.0)"
results/figures/figure1_discrimination.png,59241,a3c8769444371415,notebooks/02_paper_analysis_support2.ipynb,99,2000,0.4.0,3.10.20,2.2.6,2.3.3,1.7.2,0.14.6,1.1.7,"UCI SUPPORT2 (id 880, CC BY 4.0)"
results/figures/figure2_calibration.pdf,48994,30ac4c00805d5dbc,notebooks/02_paper_analysis_support2.ipynb,99,2000,0.4.0,3.10.20,2.2.6,2.3.3,1.7.2,0.14.6,1.1.7,"UCI SUPPORT2 (id 880, CC BY 4.0)"
results/figures/figure2_calibration.png,312273,0045b79ae8a926ea,notebooks/02_paper_analysis_support2.ipynb,99,2000,0.4.0,3.10.20,2.2.6,2.3.3,1.7.2,0.14.6,1.1.7,"UCI SUPPORT2 (id 880, CC BY 4.0)"
results/figures/figure3_decision_curves.pdf,34096,74ac7855e2f958e2,notebooks/02_paper_analysis_support2.ipynb,99,2000,0.4.0,3.10.20,2.2.6,2.3.3,1.7.2,0.14.6,1.1.7,"UCI SUPPORT2 (id 880, CC BY 4.0)"
results/figures/figure3_decision_curves.png,326124,0fcd8a54acd4a669,notebooks/02_paper_analysis_support2.ipynb,99,2000,0.4.0,3.10.20,2.2.6,2.3.3,1.7.2,0.14.6,1.1.7,"UCI SUPPORT2 (id 880, CC BY 4.0)"
results/figures/figure4_clinical_consequences.pdf,28268,9d664d75ae65fd3b,notebooks/02_paper_analysis_support2.ipynb,99,2000,0.4.0,3.10.20,2.2.6,2.3.3,1.7.2,0.14.6,1.1.7,"UCI SUPPORT2 (id 880, CC BY 4.0)"
results/figures/figure4_clinical_consequences.png,62956,40a6be15c3923ebf,notebooks/02_paper_analysis_support2.ipynb,99,2000,0.4.0,3.10.20,2.2.6,2.3.3,1.7.2,0.14.6,1.1.7,"UCI SUPPORT2 (id 880, CC BY 4.0)"
results/figures/figure5_recalibration_ladder.pdf,33341,fbc634651176576d,notebooks/02_paper_analysis_support2.ipynb,99,2000,0.4.0,3.10.20,2.2.6,2.3.3,1.7.2,0.14.6,1.1.7,"UCI SUPPORT2 (id 880, CC BY 4.0)"
results/figures/figure5_recalibration_ladder.png,178976,77ac2aceefad01a4,notebooks/02_paper_analysis_support2.ipynb,99,2000,0.4.0,3.10.20,2.2.6,2.3.3,1.7.2,0.14.6,1.1.7,"UCI SUPPORT2 (id 880, CC BY 4.0)"
results/figures/figure6a_volcano_sex.pdf,17576,0a8d83a917f4f6be,notebooks/02_paper_analysis_support2.ipynb,99,2000,0.4.0,3.10.20,2.2.6,2.3.3,1.7.2,0.14.6,1.1.7,"UCI SUPPORT2 (id 880, CC BY 4.0)"
results/figures/figure6a_volcano_sex.png,51670,af48d354e8c201c6,notebooks/02_paper_analysis_support2.ipynb,99,2000,0.4.0,3.10.20,2.2.6,2.3.3,1.7.2,0.14.6,1.1.7,"UCI SUPPORT2 (id 880, CC BY 4.0)"
results/figures/figure6b_forest_comorbidity_sex.pdf,18541,953c3d5c185b17ab,notebooks/02_paper_analysis_support2.ipynb,99,2000,0.4.0,3.10.20,2.2.6,2.3.3,1.7.2,0.14.6,1.1.7,"UCI SUPPORT2 (id 880, CC BY 4.0)"
results/figures/figure6b_forest_comorbidity_sex.png,50819,66627dc4d65951a2,notebooks/02_paper_analysis_support2.ipynb,99,2000,0.4.0,3.10.20,2.2.6,2.3.3,1.7.2,0.14.6,1.1.7,"UCI SUPPORT2 (id 880, CC BY 4.0)"
results/figures/figureS_roc.pdf,52923,0c2fd87ab51c10a8,notebooks/02_paper_analysis_support2.ipynb,99,2000,0.4.0,3.10.20,2.2.6,2.3.3,1.7.2,0.14.6,1.1.7,"UCI SUPPORT2 (id 880, CC BY 4.0)"
results/figures/figureS_roc.png,293993,1ed8f7374d6f5569,notebooks/02_paper_analysis_support2.ipynb,99,2000,0.4.0,3.10.20,2.2.6,2.3.3,1.7.2,0.14.6,1.1.7,"UCI SUPPORT2 (id 880, CC BY 4.0)"
results/notebooks_html/01_audit_report_support2.html,355869,a84032569b1d4e91,jupyter nbconvert --to html,99,,0.4.0,3.10.20,2.2.6,2.3.3,1.7.2,0.14.6,1.1.7,"UCI SUPPORT2 (id 880, CC BY 4.0)"
results/notebooks_html/02_paper_analysis_support2.html,1680892,9c35f9e073343cd4,jupyter nbconvert --to html,99,,0.4.0,3.10.20,2.2.6,2.3.3,1.7.2,0.14.6,1.1.7,"UCI SUPPORT2 (id 880, CC BY 4.0)"
results/notebooks_html/03_tutorial_support2.html,978852,ead7c7d242191705,jupyter nbconvert --to html,99,,0.4.0,3.10.20,2.2.6,2.3.3,1.7.2,0.14.6,1.1.7,"UCI SUPPORT2 (id 880, CC BY 4.0)"
results/support2_audit_report.html,1523293,14ba8df8e7f6c477,notebooks/01_audit_report_support2.ipynb,99,2000,0.4.0,3.10.20,2.2.6,2.3.3,1.7.2,0.14.6,1.1.7,"UCI SUPPORT2 (id 880, CC BY 4.0)"
results/support2_audit_report.pdf,454660,be0632fb997acbfb,notebooks/01_audit_report_support2.ipynb,99,2000,0.4.0,3.10.20,2.2.6,2.3.3,1.7.2,0.14.6,1.1.7,"UCI SUPPORT2 (id 880, CC BY 4.0)"
results/support2_audit_report_figures/calibration_age_group.png,351123,acc89e584f95dae8,notebooks/01_audit_report_support2.ipynb,99,2000,0.4.0,3.10.20,2.2.6,2.3.3,1.7.2,0.14.6,1.1.7,"UCI SUPPORT2 (id 880, CC BY 4.0)"
results/support2_audit_report_figures/calibration_race_ethnicity.png,334873,fdf8970e124f2f53,notebooks/01_audit_report_support2.ipynb,99,2000,0.4.0,3.10.20,2.2.6,2.3.3,1.7.2,0.14.6,1.1.7,"UCI SUPPORT2 (id 880, CC BY 4.0)"
results/support2_audit_report_figures/calibration_sex.png,256643,d830e6cb5297354e,notebooks/01_audit_report_support2.ipynb,99,2000,0.4.0,3.10.20,2.2.6,2.3.3,1.7.2,0.14.6,1.1.7,"UCI SUPPORT2 (id 880, CC BY 4.0)"
results/support2_audit_report_figures/decision_curve_age_group.png,306921,dc7652d59c658e1c,notebooks/01_audit_report_support2.ipynb,99,2000,0.4.0,3.10.20,2.2.6,2.3.3,1.7.2,0.14.6,1.1.7,"UCI SUPPORT2 (id 880, CC BY 4.0)"
results/support2_audit_report_figures/decision_curve_race_ethnicity.png,326128,ba144a5f0f173922,notebooks/01_audit_report_support2.ipynb,99,2000,0.4.0,3.10.20,2.2.6,2.3.3,1.7.2,0.14.6,1.1.7,"UCI SUPPORT2 (id 880, CC BY 4.0)"
results/support2_audit_report_figures/decision_curve_sex.png,210518,09754631c8110a3d,notebooks/01_audit_report_support2.ipynb,99,2000,0.4.0,3.10.20,2.2.6,2.3.3,1.7.2,0.14.6,1.1.7,"UCI SUPPORT2 (id 880, CC BY 4.0)"
results/support2_audit_report_figures/discrimination_age_group.png,57680,fe76df6ecb2e7840,notebooks/01_audit_report_support2.ipynb,99,2000,0.4.0,3.10.20,2.2.6,2.3.3,1.7.2,0.14.6,1.1.7,"UCI SUPPORT2 (id 880, CC BY 4.0)"
results/support2_audit_report_figures/discrimination_race_ethnicity.png,84415,333263c64e7b0901,notebooks/01_audit_report_support2.ipynb,99,2000,0.4.0,3.10.20,2.2.6,2.3.3,1.7.2,0.14.6,1.1.7,"UCI SUPPORT2 (id 880, CC BY 4.0)"
results/support2_audit_report_figures/discrimination_sex.png,44683,cd36471fed7e9060,notebooks/01_audit_report_support2.ipynb,99,2000,0.4.0,3.10.20,2.2.6,2.3.3,1.7.2,0.14.6,1.1.7,"UCI SUPPORT2 (id 880, CC BY 4.0)"
results/support2_audit_report_figures/mitigation_calibration_age_group.png,686731,0ef264392d5e63f5,notebooks/01_audit_report_support2.ipynb,99,2000,0.4.0,3.10.20,2.2.6,2.3.3,1.7.2,0.14.6,1.1.7,"UCI SUPPORT2 (id 880, CC BY 4.0)"
results/support2_audit_report_figures/mitigation_calibration_race_ethnicity.png,625431,86bdc780dde37706,notebooks/01_audit_report_support2.ipynb,99,2000,0.4.0,3.10.20,2.2.6,2.3.3,1.7.2,0.14.6,1.1.7,"UCI SUPPORT2 (id 880, CC BY 4.0)"
results/support2_audit_report_figures/mitigation_calibration_sex.png,484954,8d6f7827fd36279f,notebooks/01_audit_report_support2.ipynb,99,2000,0.4.0,3.10.20,2.2.6,2.3.3,1.7.2,0.14.6,1.1.7,"UCI SUPPORT2 (id 880, CC BY 4.0)"
results/support2_audit_report_figures/roc_age_group.png,316320,b25582140d515244,notebooks/01_audit_report_support2.ipynb,99,2000,0.4.0,3.10.20,2.2.6,2.3.3,1.7.2,0.14.6,1.1.7,"UCI SUPPORT2 (id 880, CC BY 4.0)"
results/support2_audit_report_figures/roc_race_ethnicity.png,313077,f35d59c637acd996,notebooks/01_audit_report_support2.ipynb,99,2000,0.4.0,3.10.20,2.2.6,2.3.3,1.7.2,0.14.6,1.1.7,"UCI SUPPORT2 (id 880, CC BY 4.0)"
results/support2_audit_report_figures/roc_sex.png,240437,b1a25a391cc79394,notebooks/01_audit_report_support2.ipynb,99,2000,0.4.0,3.10.20,2.2.6,2.3.3,1.7.2,0.14.6,1.1.7,"UCI SUPPORT2 (id 880, CC BY 4.0)"
results/tables/table1_by_race_effect_sizes.csv,3830,70bc128c402b4f35,notebooks/02_paper_analysis_support2.ipynb,99,2000,0.4.0,3.10.20,2.2.6,2.3.3,1.7.2,0.14.6,1.1.7,"UCI SUPPORT2 (id 880, CC BY 4.0)"
results/tables/table1_by_race_effect_sizes.md,5411,13d8549b1cf62ec1,notebooks/02_paper_analysis_support2.ipynb,99,2000,0.4.0,3.10.20,2.2.6,2.3.3,1.7.2,0.14.6,1.1.7,"UCI SUPPORT2 (id 880, CC BY 4.0)"
results/tables/table1_by_sex_effect_sizes.csv,3640,f29faa53416f24d4,notebooks/02_paper_analysis_support2.ipynb,99,2000,0.4.0,3.10.20,2.2.6,2.3.3,1.7.2,0.14.6,1.1.7,"UCI SUPPORT2 (id 880, CC BY 4.0)"
results/tables/table1_by_sex_effect_sizes.md,5550,a241ed2d67410453,notebooks/02_paper_analysis_support2.ipynb,99,2000,0.4.0,3.10.20,2.2.6,2.3.3,1.7.2,0.14.6,1.1.7,"UCI SUPPORT2 (id 880, CC BY 4.0)"
results/tables/table2_discrimination.csv,1425,5e4cdc7cc6eeb97a,notebooks/02_paper_analysis_support2.ipynb,99,2000,0.4.0,3.10.20,2.2.6,2.3.3,1.7.2,0.14.6,1.1.7,"UCI SUPPORT2 (id 880, CC BY 4.0)"
results/tables/table2_discrimination.md,3196,05c68baec4672060,notebooks/02_paper_analysis_support2.ipynb,99,2000,0.4.0,3.10.20,2.2.6,2.3.3,1.7.2,0.14.6,1.1.7,"UCI SUPPORT2 (id 880, CC BY 4.0)"
results/tables/table2_discrimination_gaps.csv,721,2e82b474317fb8a5,notebooks/02_paper_analysis_support2.ipynb,99,2000,0.4.0,3.10.20,2.2.6,2.3.3,1.7.2,0.14.6,1.1.7,"UCI SUPPORT2 (id 880, CC BY 4.0)"
results/tables/table2_discrimination_gaps.md,1713,781a78072a3f12fa,notebooks/02_paper_analysis_support2.ipynb,99,2000,0.4.0,3.10.20,2.2.6,2.3.3,1.7.2,0.14.6,1.1.7,"UCI SUPPORT2 (id 880, CC BY 4.0)"
results/tables/table3_calibration.csv,1427,4cff0c6460b3337f,notebooks/02_paper_analysis_support2.ipynb,99,2000,0.4.0,3.10.20,2.2.6,2.3.3,1.7.2,0.14.6,1.1.7,"UCI SUPPORT2 (id 880, CC BY 4.0)"
results/tables/table3_calibration.md,3725,34022bc02dd5a69b,notebooks/02_paper_analysis_support2.ipynb,99,2000,0.4.0,3.10.20,2.2.6,2.3.3,1.7.2,0.14.6,1.1.7,"UCI SUPPORT2 (id 880, CC BY 4.0)"
results/tables/table3_calibration_gaps.csv,349,780c218d13e65e33,notebooks/02_paper_analysis_support2.ipynb,99,2000,0.4.0,3.10.20,2.2.6,2.3.3,1.7.2,0.14.6,1.1.7,"UCI SUPPORT2 (id 880, CC BY 4.0)"
results/tables/table3_calibration_gaps.md,908,2a1ff594594e2f46,notebooks/02_paper_analysis_support2.ipynb,99,2000,0.4.0,3.10.20,2.2.6,2.3.3,1.7.2,0.14.6,1.1.7,"UCI SUPPORT2 (id 880, CC BY 4.0)"
results/tables/table4_mitigation_before_after.csv,669,579317e445955620,notebooks/02_paper_analysis_support2.ipynb,99,2000,0.4.0,3.10.20,2.2.6,2.3.3,1.7.2,0.14.6,1.1.7,"UCI SUPPORT2 (id 880, CC BY 4.0)"
results/tables/table4_mitigation_before_after.md,2700,1d94b5bf3d90903e,notebooks/02_paper_analysis_support2.ipynb,99,2000,0.4.0,3.10.20,2.2.6,2.3.3,1.7.2,0.14.6,1.1.7,"UCI SUPPORT2 (id 880, CC BY 4.0)"
results/tables/table4_recalibration_ladder.csv,2684,5807424905842460,notebooks/02_paper_analysis_support2.ipynb,99,2000,0.4.0,3.10.20,2.2.6,2.3.3,1.7.2,0.14.6,1.1.7,"UCI SUPPORT2 (id 880, CC BY 4.0)"
results/tables/table4_recalibration_ladder.md,8552,c6d1b67cb1477224,notebooks/02_paper_analysis_support2.ipynb,99,2000,0.4.0,3.10.20,2.2.6,2.3.3,1.7.2,0.14.6,1.1.7,"UCI SUPPORT2 (id 880, CC BY 4.0)"
results/tables/tableS1_feature_by_sex.csv,557,8349894d90045a96,notebooks/02_paper_analysis_support2.ipynb,99,2000,0.4.0,3.10.20,2.2.6,2.3.3,1.7.2,0.14.6,1.1.7,"UCI SUPPORT2 (id 880, CC BY 4.0)"
results/tables/tableS1_feature_by_sex.md,1062,e262dfb5259d088a,notebooks/02_paper_analysis_support2.ipynb,99,2000,0.4.0,3.10.20,2.2.6,2.3.3,1.7.2,0.14.6,1.1.7,"UCI SUPPORT2 (id 880, CC BY 4.0)"
results/tables/tableS5_comorbidity_sex_interaction.csv,679,eb780df3e55f587b,notebooks/02_paper_analysis_support2.ipynb,99,2000,0.4.0,3.10.20,2.2.6,2.3.3,1.7.2,0.14.6,1.1.7,"UCI SUPPORT2 (id 880, CC BY 4.0)"
results/tables/tableS5_comorbidity_sex_interaction.md,1695,0afedc5f43a1f233,notebooks/02_paper_analysis_support2.ipynb,99,2000,0.4.0,3.10.20,2.2.6,2.3.3,1.7.2,0.14.6,1.1.7,"UCI SUPPORT2 (id 880, CC BY 4.0)"
results/tables/tableS_dca_sensitivity.csv,831,220b6bd712c68c6a,notebooks/02_paper_analysis_support2.ipynb,99,2000,0.4.0,3.10.20,2.2.6,2.3.3,1.7.2,0.14.6,1.1.7,"UCI SUPPORT2 (id 880, CC BY 4.0)"
results/tables/tableS_dca_sensitivity.md,1379,7d64b98a41244877,notebooks/02_paper_analysis_support2.ipynb,99,2000,0.4.0,3.10.20,2.2.6,2.3.3,1.7.2,0.14.6,1.1.7,"UCI SUPPORT2 (id 880, CC BY 4.0)"
results/tables/tableS_hosmer_lemeshow.csv,1142,cf5ba1c6c03c4c23,notebooks/02_paper_analysis_support2.ipynb,99,2000,0.4.0,3.10.20,2.2.6,2.3.3,1.7.2,0.14.6,1.1.7,"UCI SUPPORT2 (id 880, CC BY 4.0)"
results/tables/tableS_hosmer_lemeshow.md,2708,468b00a9f2956fcc,notebooks/02_paper_analysis_support2.ipynb,99,2000,0.4.0,3.10.20,2.2.6,2.3.3,1.7.2,0.14.6,1.1.7,"UCI SUPPORT2 (id 880, CC BY 4.0)"
results/tables/tableS_hosmer_lemeshow_deciles.csv,8053,f6a9d9dcdd378591,notebooks/02_paper_analysis_support2.ipynb,99,2000,0.4.0,3.10.20,2.2.6,2.3.3,1.7.2,0.14.6,1.1.7,"UCI SUPPORT2 (id 880, CC BY 4.0)"
results/tables/tableS_hosmer_lemeshow_deciles.md,17959,592771c191b5e684,notebooks/02_paper_analysis_support2.ipynb,99,2000,0.4.0,3.10.20,2.2.6,2.3.3,1.7.2,0.14.6,1.1.7,"UCI SUPPORT2 (id 880, CC BY 4.0)"
results/tables/tableS_intersectional_cells.csv,754,11f7e21ce084d467,notebooks/02_paper_analysis_support2.ipynb,99,2000,0.4.0,3.10.20,2.2.6,2.3.3,1.7.2,0.14.6,1.1.7,"UCI SUPPORT2 (id 880, CC BY 4.0)"
results/tables/tableS_intersectional_cells.md,1614,08fa47dcb0752fdd,notebooks/02_paper_analysis_support2.ipynb,99,2000,0.4.0,3.10.20,2.2.6,2.3.3,1.7.2,0.14.6,1.1.7,"UCI SUPPORT2 (id 880, CC BY 4.0)"
results/tables/tableS_mitigation_wasserstein.csv,363,db371d536f107791,notebooks/02_paper_analysis_support2.ipynb,99,2000,0.4.0,3.10.20,2.2.6,2.3.3,1.7.2,0.14.6,1.1.7,"UCI SUPPORT2 (id 880, CC BY 4.0)"
results/tables/tableS_mitigation_wasserstein.md,1121,af11a95df504992a,notebooks/02_paper_analysis_support2.ipynb,99,2000,0.4.0,3.10.20,2.2.6,2.3.3,1.7.2,0.14.6,1.1.7,"UCI SUPPORT2 (id 880, CC BY 4.0)"
results/tables/table_clinical_consequences.csv,582,61c9dcc390752e09,notebooks/02_paper_analysis_support2.ipynb,99,2000,0.4.0,3.10.20,2.2.6,2.3.3,1.7.2,0.14.6,1.1.7,"UCI SUPPORT2 (id 880, CC BY 4.0)"
results/tables/table_clinical_consequences.md,1657,2cb8172694946ba1,notebooks/02_paper_analysis_support2.ipynb,99,2000,0.4.0,3.10.20,2.2.6,2.3.3,1.7.2,0.14.6,1.1.7,"UCI SUPPORT2 (id 880, CC BY 4.0)"
results/tables/table_compare_periods.csv,1492,fa1301d54eee2e0d,notebooks/02_paper_analysis_support2.ipynb,99,2000,0.4.0,3.10.20,2.2.6,2.3.3,1.7.2,0.14.6,1.1.7,"UCI SUPPORT2 (id 880, CC BY 4.0)"
results/tables/table_compare_periods.md,6296,4e908e4a9c61df61,notebooks/02_paper_analysis_support2.ipynb,99,2000,0.4.0,3.10.20,2.2.6,2.3.3,1.7.2,0.14.6,1.1.7,"UCI SUPPORT2 (id 880, CC BY 4.0)"
results/tables/table_decision_curve.csv,19698,24f6abe433cf9a39,notebooks/02_paper_analysis_support2.ipynb,99,2000,0.4.0,3.10.20,2.2.6,2.3.3,1.7.2,0.14.6,1.1.7,"UCI SUPPORT2 (id 880, CC BY 4.0)"
results/tables/table_decision_curve.md,60692,75f103f7b97a074b,notebooks/02_paper_analysis_support2.ipynb,99,2000,0.4.0,3.10.20,2.2.6,2.3.3,1.7.2,0.14.6,1.1.7,"UCI SUPPORT2 (id 880, CC BY 4.0)"
results/tables/table_estimability.csv,14083,1d44bb89e932b9c4,notebooks/02_paper_analysis_support2.ipynb,99,2000,0.4.0,3.10.20,2.2.6,2.3.3,1.7.2,0.14.6,1.1.7,"UCI SUPPORT2 (id 880, CC BY 4.0)"
results/tables/table_estimability.md,52256,4279b29458080754,notebooks/02_paper_analysis_support2.ipynb,99,2000,0.4.0,3.10.20,2.2.6,2.3.3,1.7.2,0.14.6,1.1.7,"UCI SUPPORT2 (id 880, CC BY 4.0)"
results/tables/table_subgroup_distribution.csv,477,68096ad9da6b1241,notebooks/02_paper_analysis_support2.ipynb,99,2000,0.4.0,3.10.20,2.2.6,2.3.3,1.7.2,0.14.6,1.1.7,"UCI SUPPORT2 (id 880, CC BY 4.0)"
results/tables/table_subgroup_distribution.md,1183,3c21bfd4edf8ddad,notebooks/02_paper_analysis_support2.ipynb,99,2000,0.4.0,3.10.20,2.2.6,2.3.3,1.7.2,0.14.6,1.1.7,"UCI SUPPORT2 (id 880, CC BY 4.0)"
